-- =============================================
-- SnowIsland 地点系统数据库
-- =============================================

CREATE DATABASE IF NOT EXISTS snowisland
  DEFAULT CHARACTER SET utf8mb4
  DEFAULT COLLATE utf8mb4_unicode_ci;

USE snowisland;

-- 地点主表
DROP TABLE IF EXISTS location_npc;
DROP TABLE IF EXISTS location_facility;
DROP TABLE IF EXISTS location;

CREATE TABLE location (
  id INT AUTO_INCREMENT PRIMARY KEY,
  name VARCHAR(50) NOT NULL COMMENT '地点名称',
  area VARCHAR(20) NOT NULL COMMENT '所属区域：小镇/海岛/特殊',
  description TEXT COMMENT '地点描述',
  defense_value INT NOT NULL DEFAULT 0 COMMENT '防御值',
  management VARCHAR(100) COMMENT '管理方',
  order_number INT NOT NULL DEFAULT 0 COMMENT '排序序号',
  created_at DATETIME DEFAULT CURRENT_TIMESTAMP,
  updated_at DATETIME DEFAULT CURRENT_TIMESTAMP ON UPDATE CURRENT_TIMESTAMP
) ENGINE=InnoDB DEFAULT CHARSET=utf8mb4 COMMENT='地点表';

-- 地点设施表
CREATE TABLE location_facility (
  id INT AUTO_INCREMENT PRIMARY KEY,
  location_id INT NOT NULL COMMENT '关联地点ID',
  name VARCHAR(100) NOT NULL COMMENT '设施名称',
  description TEXT COMMENT '设施描述',
  created_at DATETIME DEFAULT CURRENT_TIMESTAMP,
  updated_at DATETIME DEFAULT CURRENT_TIMESTAMP ON UPDATE CURRENT_TIMESTAMP,
  FOREIGN KEY (location_id) REFERENCES location(id) ON DELETE CASCADE
) ENGINE=InnoDB DEFAULT CHARSET=utf8mb4 COMMENT='地点设施表';

-- 地点NPC表
CREATE TABLE location_npc (
  id INT AUTO_INCREMENT PRIMARY KEY,
  location_id INT NOT NULL COMMENT '关联地点ID',
  name VARCHAR(50) NOT NULL COMMENT 'NPC名称',
  job VARCHAR(50) COMMENT 'NPC职业/角色',
  created_at DATETIME DEFAULT CURRENT_TIMESTAMP,
  updated_at DATETIME DEFAULT CURRENT_TIMESTAMP ON UPDATE CURRENT_TIMESTAMP,
  FOREIGN KEY (location_id) REFERENCES location(id) ON DELETE CASCADE
) ENGINE=InnoDB DEFAULT CHARSET=utf8mb4 COMMENT='地点NPC表';

-- =============================================
-- 插入地点数据
-- =============================================

INSERT INTO location (id, name, area, description, defense_value, management, order_number) VALUES
(1, '警察局', '小镇', '一座木铁混合结构的平房，瓦楞铁皮屋顶，外墙刷着褪色的白漆。门廊上挂着一盏摇曳的煤油灯，屋内有一张办公桌、一个档案柜和一间狭小的临时牢房。墙上贴着殖民地政府的告示和几张泛黄的通缉令。', 5, NULL, 1),
(2, '镇长厅', '小镇', '两层殖民风格木楼，带有宽敞的阳台和百叶窗。楼下是办公室和接待室，楼上是行政长官的私人住所。墙上挂着英王乔治六世的肖像和殖民地地图。吊扇无力地转动着。', 5, NULL, 2),
(3, '邮局', '小镇', '一间低矮的木屋，窗前挂着"皇家邮政"的铜牌。屋内满是油墨和纸张的气味，木制柜台后是分拣信件的格子和一台莫尔斯电报机。墙上贴着轮船班次表和邮票样张。', 3, NULL, 3),
(4, '教堂', '小镇', '一座用珊瑚石和木材建造的小教堂，彩色玻璃窗描绘着基督与太平洋岛屿的景象。尖顶上的十字架在阳光下泛着白漆剥落后的斑驳。教堂内长椅简陋，但祭坛前摆着一架巨大的老旧管风琴，积满灰尘。', 4, NULL, 4),
(5, '灯塔', '小镇', '矗立在小镇岬角的白色石塔，约20米高。顶部的菲涅尔透镜在夜间旋转，光束扫过海面。塔底是灯塔看守员的住所。', 7, NULL, 5),
(6, '杂货店', '小镇', '一间堆满杂物的木板屋，从铁钉到糖果应有尽有，但货架已经半空。空气中弥漫着肥皂、腌鱼和煤油的味道。', 0, NULL, 6),
(7, '码头', '小镇', '有着几间木质简陋房屋和用旧木桩搭建的简陋码头，停着几艘渔船和一艘锈迹斑斑的货船。海浪拍打着木桩，发出单调的响声。远处海平面阴沉沉的。', 3, NULL, 7),
(8, '方舟', '小镇', '当方舟还未打造成功的那一刻，它更像一具尚未苏醒的骨架。你站在远处望去，最先撞入视线的是那略显粗糙的船头——弧度还不够圆润，几块硬木还露着刨花的毛茬，铜皮只包了一半，另一半用绳子临时捆着。甲板铺了两层，第三层的龙骨刚刚架起来，露出参差的肋木和没钉完的板缝。中间住人的舱室只有墙没有顶，阳光直直落进去，照见地上堆着的锯末和半截木尺；原本要种菜的顶层还空着，几捆芦苇杆斜靠在围栏上，等着编成遮棚。船尾的吊架竖起来了，但小艇还没挂上去，只有一副泡在水里的木架。帆布摊在甲板上，一个女人正低头缝着最后一道边，针脚歪歪扭扭。舵轮刚雕出个兽头的雏形，眼睛还没刻，嘴里衔着一截麻绳——绳的另一端系在岸边的树桩上，免得这半成品被水冲走。整条方舟静静泊在水湾里，随着波浪轻轻起伏，像个还没学会走路的孩子，笨拙，但让人看见力气。', 1, NULL, 8),
(9, '旅店', '小镇', '两层木质建筑，一楼是嘈杂的公共酒廊，二楼是狭小的客房。壁炉里的火永远烧不旺，空气中弥漫着廉价朗姆酒、汗水和发霉地毯混合的气味。公告板上贴满了寻人启事和过期的船期表。', 2, NULL, 9),
(10, '集市', '小镇', '镇中心的露天广场，只有零星几个木制摊位。平时冷冷清清，但当渔船归来或有补给船消息时，这里会短暂地热闹起来。', 0, NULL, 10),
(11, '酒吧', '小镇', '码头边的一间木质房屋昏暗的空间，看着门板还很结实里面有几盏油灯。这里是渔夫和矿工买醉的地方，墙上刻满了粗鄙的涂鸦。角落里有一台破旧的留声机，吱呀呀地放着过时的爵士乐。', 3, NULL, 11),
(12, '面包店', '小镇', '集市附近的木质结构店铺，后面是一个烘焙的石头屋子。进去这里倒是挺温暖的，里面有面包的香气。', 2, NULL, 12),
(13, '气象观测站', '小镇', '小镇边缘的一座独立铁皮屋，屋顶有风速仪和天线。屋内摆满了精密的（虽然老旧）仪器和手绘的气象图。', 3, NULL, 13),
(14, '教室', '小镇', '小教室的门半敞着，被海风吹得轻轻磕在门框上，发出沉闷的"咚——咚——"。阳光从破了一半的窗户斜射进来，照见地上东倒西歪的板凳，有几张翻倒了，桌腿朝天，像搁浅的螃蟹。天花板上的吊灯还在，灯泡却碎了，灯罩里塞着一团不知哪年哪月的鸟窝。透过那扇最大的窗户望去，能看见远处的码头和更远处的海——海还是那片海，只是教室里再也没有读书声了。', 2, NULL, 14),
(15, '伐木营地', '海岛', '岛内森林边缘的一片空地，堆满了砍伐的原木，有一座简易的木屋和一台生锈的蒸汽拖拉机。地上满是木屑和树桩。', 4, NULL, 15),
(16, '墓地', '海岛', '墓地很静，石碑像断掉的牙齿从荒草里斜伸出来。风扫过时，只有自己的脚步声在回应。', 5, NULL, 16),
(17, '猎人小屋', '海岛', '森林深处的一座原木小屋，墙外挂着各种兽皮，屋内弥漫着熏肉和火药的味道。壁炉上挂着一支双管猎枪。', 3, NULL, 17),
(18, '矿场', '特殊', '深入山腹的矿道与地面设施的综合体，包含管理室、矿场仓库和地下矿场。由统治者共同管理，是岛上最重要的资源产地和战略要地。', 10, '统治者共同管理', 18),
(19, '监狱', '特殊', '小镇边缘的一座灰石建筑，铁门锈迹斑斑，窗户窄得像枪眼。门前挂着一盏永远不灭的煤油灯，灯下总坐着一个看守。里面是两排铁牢房，地上铺着发霉的稻草，墙角堆着脏得看不出颜色的毯子。墙上用木炭刻满了前囚犯的名字和诅咒，有些已经被重复刻了三四遍。空气里弥漫着尿骚味和铁锈味，偶尔有人敲一下铁栏杆，声音能传到半个镇子。', 8, '统治者共同管理，监狱长常驻', 19);

-- =============================================
-- 插入设施数据
-- =============================================

INSERT INTO location_facility (location_id, name, description) VALUES
(1, '燃料仓', '一个巨大的铁皮储油罐，旁边是几排油桶。这里是全镇的能源命脉，由警察局派员看守。铁门上挂着大锁，周围拉着铁丝网。'),
(1, '发电机', '警察局配备的发电机组'),
(2, '镇武库仓库', '镇长厅内的武器库，存放着小镇的武装储备'),
(2, '发电机', '镇长厅配备的发电机组'),
(3, '电报机', '可以向外界发送信息的莫尔斯电报机'),
(7, '渔船×3', '三艘渔船，渔猎技能需要'),
(7, '码头集购仓', '需征求统治者同意，玩家可以询问统治者并购买物品'),
(7, '阿弗雷号', '轻型杂货船，总吨位约650吨，载重吨位约300吨，全长约42米，型宽约7米，吃水满载约4.2米，燃油30吨。配备螺旋桨2、发动机2、发电机1'),
(10, '行刑台', '统治者或者其他阵营可以在这里进行公开行刑行为'),
(12, '烘焙炉', '面包店后方的石头烘焙炉'),
(15, '木板蒸汽箱', '用于木材处理的蒸汽箱设备'),
(15, '拖拉机', '在伐木行动时辅助工作的蒸汽拖拉机'),
(15, '发电机', '伐木营地配备的发电机组'),
(16, '坟堆', '为了死者一个体面的后事'),
(18, '切石机', '矿场的石材切割设备'),
(18, '管理室', '矿场入口旁的木屋，里面有一张办公桌和一部电话（但线路已断）。墙上挂着矿井地图和工作安排表。'),
(18, '矿场仓库', '一个用厚木板搭建的棚屋，里面堆放着开采出来的矿石、工具和一些备用木材。门上挂着一把大锁。'),
(18, '地下矿场（避难所）', '深入山腹的矿道，墙壁上钉着木支架，每隔一段有一盏昏暗的油灯。深处被清理出一片空间，堆放着储备物资，这里就是计划中的"避难所"。'),
(19, '监牢×8', '地面上有着不明污渍的铁制监牢，看起来很牢固几乎不可能在空手情况下跑出去。里面关着几个人，听说是因为违反统治者被关起来了。'),
(19, '看守室', '内有桌子一张、煤油灯一盏、警棍一根'),
(19, '审讯椅', '铁制，带锁扣的审讯椅');

-- =============================================
-- 插入NPC数据
-- =============================================

INSERT INTO location_npc (location_id, name, job) VALUES
(1, '警察局局长', '警察局局长'),
(2, '镇长', '镇长'),
(3, '邮递员', '邮递员'),
(4, '神父', '神父'),
(5, '灯塔看守员', '灯塔看守员'),
(6, '杂货店主', '杂货店主'),
(7, '克拉拉', '渔民'),
(7, '鲍勃', '装卸工'),
(7, '杰克', '水手'),
(7, '安娜', '渔民'),
(9, '旅店店主', '旅店店主'),
(10, '塞雷尔', '农户'),
(10, '米玛', '手工艺人'),
(10, '波特', '农户'),
(11, '酿酒师', '酿酒师'),
(12, '面包师', '面包师'),
(13, '气象观测员', '气象观测员'),
(14, '教师', '教师'),
(15, '托马斯', '伐木工'),
(16, '守墓人', '守墓人'),
(17, '猎户', '猎户'),
(18, '卡尔', '矿工'),
(18, '维克多', '矿工'),
(19, '乔克', '监狱看守');
