/*
Navicat MySQL Data Transfer

Source Server         : cc
Source Server Version : 50717
Source Host           : localhost:3306
Source Database       : snowisland

Target Server Type    : MYSQL
Target Server Version : 50717
File Encoding         : 65001

Date: 2026-05-22 15:53:18
*/

SET FOREIGN_KEY_CHECKS=0;

-- ----------------------------
-- Table structure for ammo
-- ----------------------------
DROP TABLE IF EXISTS `ammo`;
CREATE TABLE `ammo` (
  `id` int(11) NOT NULL AUTO_INCREMENT,
  `name` varchar(50) NOT NULL,
  `unit` varchar(20) NOT NULL,
  `remark` text,
  `weapon_id` int(11) DEFAULT NULL,
  `created_at` datetime NOT NULL DEFAULT CURRENT_TIMESTAMP,
  `updated_at` datetime NOT NULL DEFAULT CURRENT_TIMESTAMP ON UPDATE CURRENT_TIMESTAMP,
  PRIMARY KEY (`id`),
  UNIQUE KEY `name` (`name`),
  KEY `weapon_id` (`weapon_id`),
  CONSTRAINT `ammo_ibfk_1` FOREIGN KEY (`weapon_id`) REFERENCES `weapon` (`id`)
) ENGINE=InnoDB AUTO_INCREMENT=5 DEFAULT CHARSET=utf8mb4;

-- ----------------------------
-- Records of ammo
-- ----------------------------
INSERT INTO `ammo` VALUES ('1', '手枪弹', '枚', '.38/200口径手枪弹药，每发为韦伯利手枪专用。装填后可使手枪的威胁值生效。', '1', '2026-04-27 11:36:23', '2026-04-27 11:36:23');
INSERT INTO `ammo` VALUES ('2', '猎枪弹', '枚', '12号口径霰弹，每发内含多颗铅弹。装填后可使猎枪的威胁值生效。', '2', '2026-04-27 11:36:23', '2026-04-27 11:36:23');
INSERT INTO `ammo` VALUES ('3', '信号弹', '枚', '红/绿两色信号弹，每发可发射一次。用信号枪发射后，由主持人在公屏展示信号内容。', '7', '2026-04-27 11:36:23', '2026-04-27 11:36:23');
INSERT INTO `ammo` VALUES ('4', '箭矢', '枝', '木质箭杆配金属箭头，每支为猎弓专用。装填后可使猎弓的威胁值生效。', '7', '2026-04-27 11:36:23', '2026-04-27 11:36:23');

-- ----------------------------
-- Table structure for ark_config
-- ----------------------------
DROP TABLE IF EXISTS `ark_config`;
CREATE TABLE `ark_config` (
  `id` int(11) NOT NULL,
  `ark_status` varchar(20) DEFAULT NULL,
  `base_capacity` int(11) DEFAULT NULL,
  `created_at` datetime(6) DEFAULT NULL,
  `current_game_day` int(11) DEFAULT NULL,
  `daily_asphalt_limit` decimal(10,2) DEFAULT NULL,
  `daily_metal_limit` decimal(10,2) DEFAULT NULL,
  `daily_wood_limit` decimal(10,2) DEFAULT NULL,
  `food_per_capacity` int(11) DEFAULT NULL,
  `fuel_per_capacity` decimal(5,2) DEFAULT NULL,
  `initial_metal` decimal(10,2) DEFAULT NULL,
  `initial_wood` decimal(10,2) DEFAULT NULL,
  `sail_canvas_required` decimal(10,2) DEFAULT NULL,
  `sail_days_0_engine` int(11) DEFAULT NULL,
  `sail_days_1_engine` int(11) DEFAULT NULL,
  `sail_days_2_engine` int(11) DEFAULT NULL,
  `sail_days_3_engine` int(11) DEFAULT NULL,
  `sail_days_with_sail_0_engine` int(11) DEFAULT NULL,
  `sail_days_with_sail_1_engine` int(11) DEFAULT NULL,
  `sail_rope_required` decimal(10,2) DEFAULT NULL,
  `sail_wood_per_capacity` decimal(5,2) DEFAULT NULL,
  `sealant_per_capacity` decimal(5,2) DEFAULT NULL,
  `shortage_capacity_penalty` int(11) DEFAULT NULL,
  `shortage_completion_penalty` decimal(4,2) DEFAULT NULL,
  `target_asphalt` decimal(10,2) DEFAULT NULL,
  `target_metal` decimal(10,2) DEFAULT NULL,
  `target_wood` decimal(10,2) DEFAULT NULL,
  `updated_at` datetime(6) DEFAULT NULL,
  `work_asphalt_per_unit` decimal(5,2) DEFAULT NULL,
  `work_metal_per_unit` decimal(5,2) DEFAULT NULL,
  `work_wood_per_unit` decimal(5,2) DEFAULT NULL,
  PRIMARY KEY (`id`)
) ENGINE=InnoDB DEFAULT CHARSET=utf8;

-- ----------------------------
-- Records of ark_config
-- ----------------------------
INSERT INTO `ark_config` VALUES ('1', 'building', '50', '2026-05-13 21:35:13.589000', '1', '20.00', '20.00', '30.00', '100', '2.00', '20.00', '10.00', '80.00', '10', '8', '6', '4', '10', '7', '100.00', '2.00', '500.00', '3', '2.50', '100.00', '100.00', '250.00', '2026-05-13 21:35:13.589000', '5.00', '5.00', '5.00');

-- ----------------------------
-- Table structure for ark_construction
-- ----------------------------
DROP TABLE IF EXISTS `ark_construction`;
CREATE TABLE `ark_construction` (
  `id` int(11) NOT NULL DEFAULT '1' COMMENT '单方舟模式，固定值为1',
  `current_wood` double NOT NULL DEFAULT '0' COMMENT '当前木材数量（吨）',
  `current_metal` double NOT NULL DEFAULT '0' COMMENT '当前金属制品数量（吨）',
  `current_sealant` int(11) NOT NULL DEFAULT '0' COMMENT '当前密封材料数量（kg）',
  `engine_count` int(11) NOT NULL DEFAULT '0' COMMENT '发动机数量（0-3）',
  `propeller_count` int(11) NOT NULL DEFAULT '0' COMMENT '螺旋桨数量',
  `generator_count` int(11) NOT NULL DEFAULT '0' COMMENT '发电机数量',
  `current_cargo_capacity` int(11) NOT NULL DEFAULT '0' COMMENT '当前载重能力',
  `completion_percentage` decimal(5,2) NOT NULL DEFAULT '0.00' COMMENT '完成度百分比',
  `has_sail` tinyint(1) NOT NULL DEFAULT '0' COMMENT '是否已建造帆',
  `created_at` datetime NOT NULL DEFAULT CURRENT_TIMESTAMP COMMENT '创建时间',
  `updated_at` datetime NOT NULL DEFAULT CURRENT_TIMESTAMP ON UPDATE CURRENT_TIMESTAMP COMMENT '更新时间',
  PRIMARY KEY (`id`)
) ENGINE=InnoDB DEFAULT CHARSET=utf8mb4 COMMENT='方舟建造进度表';

-- ----------------------------
-- Records of ark_construction
-- ----------------------------
INSERT INTO `ark_construction` VALUES ('1', '10', '20', '0', '0', '0', '0', '41', '6.00', '0', '2026-05-13 22:06:35', '2026-05-22 05:26:54');

-- ----------------------------
-- Table structure for ark_construction_log
-- ----------------------------
DROP TABLE IF EXISTS `ark_construction_log`;
CREATE TABLE `ark_construction_log` (
  `id` int(11) NOT NULL AUTO_INCREMENT,
  `action_description` varchar(255) DEFAULT NULL,
  `action_type` varchar(30) NOT NULL,
  `asphalt_change` decimal(10,2) DEFAULT NULL,
  `capacity_change` int(11) DEFAULT NULL,
  `completion_change` decimal(5,2) DEFAULT NULL,
  `created_at` datetime(6) DEFAULT NULL,
  `current_capacity` int(11) DEFAULT NULL,
  `current_completion` decimal(5,2) DEFAULT NULL,
  `current_stage` varchar(30) DEFAULT NULL,
  `engine_installed` int(11) DEFAULT NULL,
  `game_day` int(11) NOT NULL,
  `generator_installed` int(11) DEFAULT NULL,
  `metal_change` decimal(10,2) DEFAULT NULL,
  `player_id` int(11) NOT NULL,
  `player_name` varchar(50) DEFAULT NULL,
  `previous_capacity` int(11) DEFAULT NULL,
  `previous_completion` decimal(5,2) DEFAULT NULL,
  `previous_stage` varchar(30) DEFAULT NULL,
  `propeller_installed` int(11) DEFAULT NULL,
  `sail_built` bit(1) DEFAULT NULL,
  `sail_canvas_used` decimal(10,2) DEFAULT NULL,
  `sail_rope_used` decimal(10,2) DEFAULT NULL,
  `wood_change` decimal(10,2) DEFAULT NULL,
  `work_units` int(11) DEFAULT NULL,
  PRIMARY KEY (`id`)
) ENGINE=InnoDB DEFAULT CHARSET=utf8;

-- ----------------------------
-- Records of ark_construction_log
-- ----------------------------

-- ----------------------------
-- Table structure for ark_required_skill
-- ----------------------------
DROP TABLE IF EXISTS `ark_required_skill`;
CREATE TABLE `ark_required_skill` (
  `id` int(11) NOT NULL AUTO_INCREMENT,
  `created_at` datetime(6) DEFAULT NULL,
  `effect_bonus` int(11) DEFAULT NULL,
  `is_required` bit(1) DEFAULT NULL,
  `priority` int(11) DEFAULT NULL,
  `skill_code` varchar(50) NOT NULL,
  `skill_description` varchar(255) DEFAULT NULL,
  `skill_name` varchar(100) NOT NULL,
  `skill_type` varchar(20) NOT NULL,
  `updated_at` datetime(6) DEFAULT NULL,
  PRIMARY KEY (`id`),
  UNIQUE KEY `UK_5af48mct3mcot3g68dq9chwoh` (`skill_code`)
) ENGINE=InnoDB DEFAULT CHARSET=utf8;

-- ----------------------------
-- Records of ark_required_skill
-- ----------------------------

-- ----------------------------
-- Table structure for ark_sail
-- ----------------------------
DROP TABLE IF EXISTS `ark_sail`;
CREATE TABLE `ark_sail` (
  `id` int(11) NOT NULL,
  `built_at_game_day` int(11) DEFAULT NULL,
  `built_by_player_id` int(11) DEFAULT NULL,
  `collected_canvas` decimal(10,2) DEFAULT NULL,
  `collected_rope` decimal(10,2) DEFAULT NULL,
  `condition_status` varchar(20) DEFAULT NULL,
  `construction_progress` decimal(5,2) DEFAULT NULL,
  `created_at` datetime(6) DEFAULT NULL,
  `effect_0_engine_days` int(11) DEFAULT NULL,
  `effect_1_engine_days` int(11) DEFAULT NULL,
  `is_built` bit(1) DEFAULT NULL,
  `is_work_completed` bit(1) DEFAULT NULL,
  `last_repaired_day` int(11) DEFAULT NULL,
  `required_canvas` decimal(10,2) DEFAULT NULL,
  `required_rope` decimal(10,2) DEFAULT NULL,
  `requires_work_action` bit(1) DEFAULT NULL,
  `updated_at` datetime(6) DEFAULT NULL,
  `work_action_player_id` int(11) DEFAULT NULL,
  PRIMARY KEY (`id`)
) ENGINE=InnoDB DEFAULT CHARSET=utf8;

-- ----------------------------
-- Records of ark_sail
-- ----------------------------
INSERT INTO `ark_sail` VALUES ('1', null, null, '0.00', '0.00', 'normal', '0.00', '2026-05-13 21:35:13.618000', '10', '7', '\0', '\0', null, '80.00', '100.00', '', '2026-05-13 21:35:13.618000', null);

-- ----------------------------
-- Table structure for ark_voyage
-- ----------------------------
DROP TABLE IF EXISTS `ark_voyage`;
CREATE TABLE `ark_voyage` (
  `id` int(11) NOT NULL AUTO_INCREMENT,
  `actual_return_day` int(11) DEFAULT NULL,
  `base_sail_days` int(11) DEFAULT NULL,
  `created_at` datetime(6) DEFAULT NULL,
  `crisis_count` int(11) DEFAULT NULL,
  `crisis_events` text,
  `current_day_offset` int(11) DEFAULT NULL,
  `departed_at` datetime(6) DEFAULT NULL,
  `departure_day` int(11) NOT NULL,
  `engine_count` int(11) DEFAULT NULL,
  `final_bonus` int(11) DEFAULT NULL,
  `final_sail_days` int(11) DEFAULT NULL,
  `food_loaded` decimal(10,2) DEFAULT NULL,
  `fuel_loaded` decimal(10,2) DEFAULT NULL,
  `has_fisher` bit(1) DEFAULT NULL,
  `has_generator` bit(1) DEFAULT NULL,
  `has_navigator` bit(1) DEFAULT NULL,
  `has_sail` bit(1) DEFAULT NULL,
  `has_weather_watcher` bit(1) DEFAULT NULL,
  `notes` text,
  `passenger_count` int(11) DEFAULT NULL,
  `passenger_list` text,
  `planned_return_day` int(11) DEFAULT NULL,
  `propeller_count` int(11) DEFAULT NULL,
  `returned_at` datetime(6) DEFAULT NULL,
  `sealant_loaded` decimal(10,2) DEFAULT NULL,
  `status` varchar(20) DEFAULT NULL,
  `total_capacity` int(11) DEFAULT NULL,
  `updated_at` datetime(6) DEFAULT NULL,
  `voyage_number` int(11) NOT NULL,
  `voyage_result` varchar(50) DEFAULT NULL,
  `wood_loaded` decimal(10,2) DEFAULT NULL,
  PRIMARY KEY (`id`)
) ENGINE=InnoDB DEFAULT CHARSET=utf8;

-- ----------------------------
-- Records of ark_voyage
-- ----------------------------

-- ----------------------------
-- Table structure for catastrophe_card
-- ----------------------------
DROP TABLE IF EXISTS `catastrophe_card`;
CREATE TABLE `catastrophe_card` (
  `id` int(11) NOT NULL AUTO_INCREMENT,
  `card_number` int(11) NOT NULL COMMENT '卡牌编号',
  `name` varchar(50) NOT NULL COMMENT '卡牌名称',
  `description` text NOT NULL COMMENT '卡牌描述',
  `effect_type` varchar(50) DEFAULT NULL COMMENT '效果类型',
  `effect_param1` int(11) DEFAULT '0' COMMENT '效果参数1',
  `effect_param2` int(11) DEFAULT '0' COMMENT '效果参数2',
  `effect_param3` varchar(100) DEFAULT NULL COMMENT '效果参数3（字符串）',
  `is_unique` tinyint(1) DEFAULT '0' COMMENT '是否唯一卡牌',
  `created_at` datetime DEFAULT CURRENT_TIMESTAMP COMMENT '创建时间',
  `updated_at` datetime DEFAULT CURRENT_TIMESTAMP ON UPDATE CURRENT_TIMESTAMP COMMENT '更新时间',
  PRIMARY KEY (`id`),
  UNIQUE KEY `card_number` (`card_number`)
) ENGINE=InnoDB AUTO_INCREMENT=12 DEFAULT CHARSET=utf8mb4 COMMENT='天灾牌表';

-- ----------------------------
-- Records of catastrophe_card
-- ----------------------------
INSERT INTO `catastrophe_card` VALUES ('1', '1', '低温侵袭', '某处墙体结冰，寒气渗入。本天所有燃料消耗增加20%，木材消耗量15kg→18kg。', 'CONSUMPTION_INCREASE', '20', '15', '18', '0', '2026-05-14 11:53:11', '2026-05-14 11:53:11');
INSERT INTO `catastrophe_card` VALUES ('2', '2', '灾难蔓延', '增加5天暴雪持续时间', 'EXTEND_STORM', '5', '0', '', '0', '2026-05-14 11:53:11', '2026-05-14 11:53:11');
INSERT INTO `catastrophe_card` VALUES ('3', '3', '粮仓鼠患', '仓库中储存的粮食被老鼠啃食，损失10%的食物储备（向下取整）', 'FOOD_LOSS', '10', '0', '', '0', '2026-05-14 11:53:11', '2026-05-14 11:53:11');
INSERT INTO `catastrophe_card` VALUES ('4', '4', '燃料泄漏', '储油桶老化破裂，损失一处仓库的10%的燃料储备（优先扣除煤油/燃料）', 'FUEL_LOSS', '10', '0', '', '0', '2026-05-14 11:53:11', '2026-05-14 11:53:11');
INSERT INTO `catastrophe_card` VALUES ('5', '5', '工具锈蚀', '生产工具普遍老化。当天所有生产行动（渔猎、伐木、挖矿等）产量-20%。', 'PRODUCTION_DECREASE', '20', '0', '', '0', '2026-05-14 11:53:11', '2026-05-14 11:53:11');
INSERT INTO `catastrophe_card` VALUES ('6', '6', '海水倒灌', '风暴潮淹没码头设施，沿海仓库的部分物资被冲走（损失10%），方舟受损10%', 'DOCK_DAMAGE', '10', '10', '', '0', '2026-05-14 11:53:11', '2026-05-14 11:53:11');
INSERT INTO `catastrophe_card` VALUES ('7', '7', '水源污染', '岛上淡水水源被动物尸体污染，所有玩家当天需额外消耗1升煤油（烧开水）或面临患病风险', 'WATER_CONTAMINATION', '1', '0', '', '0', '2026-05-14 11:53:11', '2026-05-14 11:53:11');
INSERT INTO `catastrophe_card` VALUES ('8', '8', '信仰崩塌', '神父以及占卜师等精神领袖陷入自我怀疑，当天无法使用“布道”或“占星”技能。若第三天抽中不影响终局结算加成。', 'SKILL_DISABLE', '0', '0', '布道,占星', '0', '2026-05-14 11:53:11', '2026-05-14 11:53:11');
INSERT INTO `catastrophe_card` VALUES ('9', '9', '燃料受潮', '露天堆放的木柴被雨淋湿。随机一个仓库或玩家损失30kg木材。', 'WOOD_LOSS', '30', '0', '', '0', '2026-05-14 11:53:11', '2026-05-14 11:53:11');
INSERT INTO `catastrophe_card` VALUES ('10', '10', '逃役', '一名劳工趁夜色逃走了。统治者当天指定的劳工名单中，随机一人自动失效（不会劳作，也不会计入劳工）。主持人随机选择，不公开是谁。该玩家知道自己被逃役释放，当天正常进行行动。', 'ESCAPE_LABOR', '0', '0', '', '0', '2026-05-14 11:53:11', '2026-05-14 11:53:11');
INSERT INTO `catastrophe_card` VALUES ('11', '11', '祭品', '有人在教堂门口发现一只被割喉的黑羊。第二天必定触发一张额外天灾牌（命运在积蓄）。', 'EXTRA_CARD', '1', '0', '', '0', '2026-05-14 11:53:11', '2026-05-14 11:53:11');

-- ----------------------------
-- Table structure for catastrophe_deck
-- ----------------------------
DROP TABLE IF EXISTS `catastrophe_deck`;
CREATE TABLE `catastrophe_deck` (
  `id` int(11) NOT NULL AUTO_INCREMENT,
  `card_id` int(11) NOT NULL COMMENT '天灾牌ID',
  `is_drawn` tinyint(1) DEFAULT '0' COMMENT '是否已抽取',
  `is_used` tinyint(1) DEFAULT '0' COMMENT '是否已使用',
  `drawn_at` datetime DEFAULT NULL COMMENT '抽取时间',
  `used_at` datetime DEFAULT NULL COMMENT '使用时间',
  `round_used` int(11) DEFAULT '0' COMMENT '使用回合',
  `created_at` datetime DEFAULT CURRENT_TIMESTAMP COMMENT '创建时间',
  `updated_at` datetime DEFAULT CURRENT_TIMESTAMP ON UPDATE CURRENT_TIMESTAMP COMMENT '更新时间',
  PRIMARY KEY (`id`),
  KEY `card_id` (`card_id`),
  CONSTRAINT `catastrophe_deck_ibfk_1` FOREIGN KEY (`card_id`) REFERENCES `catastrophe_card` (`id`) ON DELETE CASCADE
) ENGINE=InnoDB AUTO_INCREMENT=34 DEFAULT CHARSET=utf8mb4 COMMENT='天灾牌组管理表';

-- ----------------------------
-- Records of catastrophe_deck
-- ----------------------------
INSERT INTO `catastrophe_deck` VALUES ('1', '1', '0', '0', null, null, '0', '2026-05-14 11:53:12', '2026-05-19 22:07:23');
INSERT INTO `catastrophe_deck` VALUES ('2', '1', '0', '0', null, null, '0', '2026-05-14 11:53:12', '2026-05-14 14:56:48');
INSERT INTO `catastrophe_deck` VALUES ('3', '1', '0', '0', null, null, '0', '2026-05-14 11:53:12', '2026-05-14 14:56:48');
INSERT INTO `catastrophe_deck` VALUES ('4', '2', '0', '0', null, null, '0', '2026-05-14 11:53:12', '2026-05-14 14:56:48');
INSERT INTO `catastrophe_deck` VALUES ('5', '2', '0', '0', null, null, '0', '2026-05-14 11:53:12', '2026-05-14 14:56:48');
INSERT INTO `catastrophe_deck` VALUES ('6', '2', '0', '0', null, null, '0', '2026-05-14 11:53:12', '2026-05-14 14:56:48');
INSERT INTO `catastrophe_deck` VALUES ('7', '3', '0', '0', null, null, '0', '2026-05-14 11:53:12', '2026-05-19 22:07:23');
INSERT INTO `catastrophe_deck` VALUES ('8', '3', '0', '0', null, null, '0', '2026-05-14 11:53:12', '2026-05-19 22:07:23');
INSERT INTO `catastrophe_deck` VALUES ('9', '3', '0', '0', null, null, '0', '2026-05-14 11:53:12', '2026-05-14 14:56:48');
INSERT INTO `catastrophe_deck` VALUES ('10', '4', '0', '0', null, null, '0', '2026-05-14 11:53:12', '2026-05-14 14:56:48');
INSERT INTO `catastrophe_deck` VALUES ('11', '4', '0', '0', null, null, '0', '2026-05-14 11:53:12', '2026-05-14 14:56:48');
INSERT INTO `catastrophe_deck` VALUES ('12', '4', '0', '0', null, null, '0', '2026-05-14 11:53:12', '2026-05-14 14:56:48');
INSERT INTO `catastrophe_deck` VALUES ('13', '5', '0', '0', null, null, '0', '2026-05-14 11:53:12', '2026-05-14 14:56:48');
INSERT INTO `catastrophe_deck` VALUES ('14', '5', '0', '0', null, null, '0', '2026-05-14 11:53:12', '2026-05-14 14:56:48');
INSERT INTO `catastrophe_deck` VALUES ('15', '5', '0', '0', null, null, '0', '2026-05-14 11:53:12', '2026-05-14 14:56:48');
INSERT INTO `catastrophe_deck` VALUES ('16', '6', '0', '0', null, null, '0', '2026-05-14 11:53:12', '2026-05-19 22:07:23');
INSERT INTO `catastrophe_deck` VALUES ('17', '6', '0', '0', null, null, '0', '2026-05-14 11:53:12', '2026-05-14 14:56:48');
INSERT INTO `catastrophe_deck` VALUES ('18', '6', '0', '0', null, null, '0', '2026-05-14 11:53:12', '2026-05-19 22:07:23');
INSERT INTO `catastrophe_deck` VALUES ('19', '7', '0', '0', null, null, '0', '2026-05-14 11:53:12', '2026-05-14 14:56:48');
INSERT INTO `catastrophe_deck` VALUES ('20', '7', '0', '0', null, null, '0', '2026-05-14 11:53:12', '2026-05-14 14:56:48');
INSERT INTO `catastrophe_deck` VALUES ('21', '7', '0', '0', null, null, '0', '2026-05-14 11:53:12', '2026-05-14 14:56:48');
INSERT INTO `catastrophe_deck` VALUES ('22', '8', '0', '0', null, null, '0', '2026-05-14 11:53:12', '2026-05-14 14:56:48');
INSERT INTO `catastrophe_deck` VALUES ('23', '8', '0', '0', null, null, '0', '2026-05-14 11:53:12', '2026-05-14 14:56:48');
INSERT INTO `catastrophe_deck` VALUES ('24', '8', '0', '0', null, null, '0', '2026-05-14 11:53:12', '2026-05-14 14:56:48');
INSERT INTO `catastrophe_deck` VALUES ('25', '9', '0', '0', null, null, '0', '2026-05-14 11:53:12', '2026-05-14 14:56:48');
INSERT INTO `catastrophe_deck` VALUES ('26', '9', '0', '0', null, null, '0', '2026-05-14 11:53:12', '2026-05-14 14:56:48');
INSERT INTO `catastrophe_deck` VALUES ('27', '9', '0', '0', null, null, '0', '2026-05-14 11:53:12', '2026-05-14 14:56:48');
INSERT INTO `catastrophe_deck` VALUES ('28', '10', '0', '0', null, null, '0', '2026-05-14 11:53:12', '2026-05-14 14:56:48');
INSERT INTO `catastrophe_deck` VALUES ('29', '10', '0', '0', null, null, '0', '2026-05-14 11:53:12', '2026-05-19 22:07:23');
INSERT INTO `catastrophe_deck` VALUES ('30', '10', '0', '0', null, null, '0', '2026-05-14 11:53:12', '2026-05-14 14:56:48');
INSERT INTO `catastrophe_deck` VALUES ('31', '11', '0', '0', null, null, '0', '2026-05-14 11:53:12', '2026-05-14 14:56:48');
INSERT INTO `catastrophe_deck` VALUES ('32', '11', '0', '0', null, null, '0', '2026-05-14 11:53:12', '2026-05-14 14:56:48');
INSERT INTO `catastrophe_deck` VALUES ('33', '11', '0', '0', null, null, '0', '2026-05-14 11:53:12', '2026-05-14 14:56:48');

-- ----------------------------
-- Table structure for catastrophe_progress
-- ----------------------------
DROP TABLE IF EXISTS `catastrophe_progress`;
CREATE TABLE `catastrophe_progress` (
  `id` int(11) NOT NULL AUTO_INCREMENT,
  `progress` int(11) NOT NULL DEFAULT '0' COMMENT '天灾进度值 0-100',
  `last_updated_at` datetime DEFAULT CURRENT_TIMESTAMP COMMENT '最后更新时间',
  `created_at` datetime DEFAULT CURRENT_TIMESTAMP COMMENT '创建时间',
  `updated_at` datetime DEFAULT CURRENT_TIMESTAMP ON UPDATE CURRENT_TIMESTAMP COMMENT '更新时间',
  PRIMARY KEY (`id`),
  UNIQUE KEY `uk_single_record` (`id`)
) ENGINE=InnoDB AUTO_INCREMENT=2 DEFAULT CHARSET=utf8mb4 COMMENT='天灾进度表';

-- ----------------------------
-- Records of catastrophe_progress
-- ----------------------------
INSERT INTO `catastrophe_progress` VALUES ('1', '33', '2026-05-20 10:23:00', '2026-05-14 11:53:11', '2026-05-20 10:23:00');

-- ----------------------------
-- Table structure for drawn_cards
-- ----------------------------
DROP TABLE IF EXISTS `drawn_cards`;
CREATE TABLE `drawn_cards` (
  `id` int(11) NOT NULL AUTO_INCREMENT,
  `draw_round` int(11) NOT NULL COMMENT '抽取轮次',
  `deck_id` int(11) NOT NULL COMMENT '牌组ID',
  `position` int(11) NOT NULL COMMENT '位置（1-3）',
  `is_selected` tinyint(1) DEFAULT '0' COMMENT '是否被选中',
  `created_at` datetime DEFAULT CURRENT_TIMESTAMP COMMENT '创建时间',
  PRIMARY KEY (`id`),
  UNIQUE KEY `uk_draw_position` (`draw_round`,`position`),
  KEY `deck_id` (`deck_id`),
  CONSTRAINT `drawn_cards_ibfk_1` FOREIGN KEY (`deck_id`) REFERENCES `catastrophe_deck` (`id`) ON DELETE CASCADE
) ENGINE=InnoDB DEFAULT CHARSET=utf8mb4 COMMENT='抽取牌记录表';

-- ----------------------------
-- Records of drawn_cards
-- ----------------------------

-- ----------------------------
-- Table structure for faction_action
-- ----------------------------
DROP TABLE IF EXISTS `faction_action`;
CREATE TABLE `faction_action` (
  `id` int(11) NOT NULL AUTO_INCREMENT,
  `player_id` int(11) NOT NULL COMMENT '提交玩家ID',
  `player_name` varchar(50) DEFAULT NULL COMMENT '玩家名称快照',
  `faction` varchar(20) NOT NULL COMMENT '提交时阵营',
  `action_type` varchar(40) NOT NULL COMMENT '阵营行动类型：assign_personnel/assign_guard/sabotage等',
  `payload` text COMMENT 'JSON输入数据',
  `result` text COMMENT '行动结果/DM反馈',
  `status` enum('pending','feedbacked') NOT NULL DEFAULT 'pending' COMMENT '反馈状态',
  `game_day` int(11) NOT NULL DEFAULT '1' COMMENT '游戏天数',
  `phase` varchar(20) DEFAULT 'day' COMMENT '阶段：day白天/night夜晚',
  `created_at` datetime DEFAULT CURRENT_TIMESTAMP,
  `updated_at` datetime DEFAULT CURRENT_TIMESTAMP ON UPDATE CURRENT_TIMESTAMP,
  PRIMARY KEY (`id`),
  KEY `idx_player_day` (`player_id`,`game_day`),
  KEY `idx_faction_day` (`faction`,`game_day`),
  KEY `idx_action_type` (`action_type`),
  KEY `idx_status` (`status`)
) ENGINE=InnoDB AUTO_INCREMENT=15 DEFAULT CHARSET=utf8mb4 COMMENT='阵营行动表';

-- ----------------------------
-- Records of faction_action
-- ----------------------------
INSERT INTO `faction_action` VALUES ('13', '1', '阿尔伯特', '统治者', 'assign_guard', '{\"actorId\":1,\"targetLocationId\":1}', '✓ 已提交【安排看守】\n\n看守人员：阿尔伯特\n看守地点：警察局\n消耗对方夜晚行动点：是\n基础防御：+3\n\n等待主持人确认。', 'pending', '1', 'day', '2026-05-21 16:04:54', '2026-05-21 16:04:54');
INSERT INTO `faction_action` VALUES ('14', '1', '阿尔伯特', '统治者', 'assign_personnel', '{\"targetId\":6,\"targetKind\":\"player\",\"assignedActions\":[{\"action\":\"investigate_player\",\"targetLocationId\":null,\"targetPlayerId\":6}],\"note\":\"\"}', '✓ 已提交【安排人员】\n\n目标：测试\n须提交的自由行动（共1项）：\n  1. 调查玩家 → 测试\n\n对方须提交与上述一致的行动，可拒绝（可作为审判理由）。等待主持人裁定。', 'pending', '1', 'day', '2026-05-21 16:13:42', '2026-05-21 16:13:42');

-- ----------------------------
-- Table structure for game_activity_log
-- ----------------------------
DROP TABLE IF EXISTS `game_activity_log`;
CREATE TABLE `game_activity_log` (
  `id` bigint(20) NOT NULL AUTO_INCREMENT,
  `category` varchar(24) NOT NULL,
  `created_at` datetime(6) NOT NULL,
  `detail` text,
  `game_day` int(11) NOT NULL,
  `player_faction` varchar(20) DEFAULT NULL,
  `player_id` int(11) DEFAULT NULL,
  `player_name` varchar(50) DEFAULT NULL,
  `summary` varchar(400) NOT NULL,
  PRIMARY KEY (`id`),
  KEY `idx_activity_created` (`created_at`),
  KEY `idx_activity_day` (`game_day`)
) ENGINE=InnoDB AUTO_INCREMENT=6 DEFAULT CHARSET=utf8;

-- ----------------------------
-- Records of game_activity_log
-- ----------------------------
INSERT INTO `game_activity_log` VALUES ('1', 'action', '2026-05-21 16:04:43.438000', '目标:莉莉丝', '1', '统治者', '1', '阿尔伯特', '自由#1·调查玩家');
INSERT INTO `game_activity_log` VALUES ('2', 'action', '2026-05-21 16:04:43.513000', null, '1', '统治者', '1', '阿尔伯特', '自由#2·隐藏');
INSERT INTO `game_activity_log` VALUES ('3', 'faction', '2026-05-21 16:04:53.503000', '✓ 已提交【安排看守】\n\n看守人员：阿尔伯特\n看守地点：警察局\n消耗对方夜晚行动点：是\n基础防御：+3\n\n等待主持人确认。', '1', '统治者', '1', '阿尔伯特', '安排看守');
INSERT INTO `game_activity_log` VALUES ('4', 'night', '2026-05-21 16:05:21.555000', '✓ 已提交【公开审判】\n\n提交者：阿尔伯特\n审判对象：测试\n\n等待主持人在夜晚阶段结算。', '1', '统治者', '1', '阿尔伯特', '公开审判');
INSERT INTO `game_activity_log` VALUES ('5', 'faction', '2026-05-21 16:13:41.872000', '✓ 已提交【安排人员】\n\n目标：测试\n须提交的自由行动（共1项）：\n  1. 调查玩家 → 测试\n\n对方须提交与上述一致的行动，可拒绝（可作为审判理由）。等待主持人裁定。', '1', '统治者', '1', '阿尔伯特', '安排人员');

-- ----------------------------
-- Table structure for game_day_settings
-- ----------------------------
DROP TABLE IF EXISTS `game_day_settings`;
CREATE TABLE `game_day_settings` (
  `game_day` int(11) NOT NULL COMMENT '游戏天数',
  `required_food_units` int(11) NOT NULL DEFAULT '2' COMMENT '每人每日所需食物（单位）',
  `required_fuel_kg` int(11) NOT NULL DEFAULT '15' COMMENT '每人每日取暖燃料（千克，木材或燃料）',
  `updated_at` datetime NOT NULL DEFAULT CURRENT_TIMESTAMP ON UPDATE CURRENT_TIMESTAMP,
  PRIMARY KEY (`game_day`)
) ENGINE=InnoDB DEFAULT CHARSET=utf8mb4 COMMENT='每日全局消耗需求（DM在游戏设置中配置）';

-- ----------------------------
-- Records of game_day_settings
-- ----------------------------
INSERT INTO `game_day_settings` VALUES ('1', '2', '15', '2026-05-14 11:53:12');
INSERT INTO `game_day_settings` VALUES ('2', '2', '15', '2026-05-20 10:23:13');
INSERT INTO `game_day_settings` VALUES ('3', '2', '15', '2026-05-20 14:14:41');

-- ----------------------------
-- Table structure for game_state
-- ----------------------------
DROP TABLE IF EXISTS `game_state`;
CREATE TABLE `game_state` (
  `id` int(11) NOT NULL AUTO_INCREMENT,
  `current_day` int(11) NOT NULL DEFAULT '1' COMMENT '当前天数',
  `current_phase` varchar(20) NOT NULL DEFAULT 'DAY' COMMENT '当前阶段 DAY/NIGHT',
  `is_game_over` tinyint(1) DEFAULT '0' COMMENT '游戏是否结束',
  `catastrophe_triggered` tinyint(1) DEFAULT '0' COMMENT '天灾是否已触发',
  `extra_card_due` tinyint(1) DEFAULT '0' COMMENT '是否有待触发的额外天灾牌',
  `created_at` datetime DEFAULT CURRENT_TIMESTAMP COMMENT '创建时间',
  `updated_at` datetime DEFAULT CURRENT_TIMESTAMP ON UPDATE CURRENT_TIMESTAMP COMMENT '更新时间',
  PRIMARY KEY (`id`),
  UNIQUE KEY `uk_single_state` (`id`)
) ENGINE=InnoDB AUTO_INCREMENT=2 DEFAULT CHARSET=utf8mb4 COMMENT='游戏状态表';

-- ----------------------------
-- Records of game_state
-- ----------------------------
INSERT INTO `game_state` VALUES ('1', '1', 'DAY', '0', '0', '0', '2026-05-14 11:53:12', '2026-05-20 15:00:03');

-- ----------------------------
-- Table structure for item
-- ----------------------------
DROP TABLE IF EXISTS `item`;
CREATE TABLE `item` (
  `id` int(11) NOT NULL AUTO_INCREMENT,
  `name` varchar(50) NOT NULL,
  `unit` varchar(20) NOT NULL,
  `remark` text,
  `created_at` datetime NOT NULL DEFAULT CURRENT_TIMESTAMP,
  `updated_at` datetime NOT NULL DEFAULT CURRENT_TIMESTAMP ON UPDATE CURRENT_TIMESTAMP,
  PRIMARY KEY (`id`),
  UNIQUE KEY `name` (`name`)
) ENGINE=InnoDB AUTO_INCREMENT=25 DEFAULT CHARSET=utf8mb4;

-- ----------------------------
-- Records of item
-- ----------------------------
INSERT INTO `item` VALUES ('1', '医疗包', '个', '装有绷带、消毒剂和止血带的急救包裹。每包提供10点医疗资源，可治疗伤口或稳定重伤员。', '2026-04-27 11:36:23', '2026-04-27 11:36:23');
INSERT INTO `item` VALUES ('2', '手电筒', '个', '金属外壳的便携照明工具，使用煤油或电池。夜间行动的基础工具。', '2026-04-27 11:36:23', '2026-04-27 11:36:23');
INSERT INTO `item` VALUES ('3', '手铐', '个', '铁制约束器具，可将一名无反抗能力的玩家束缚。被束缚者无法进行大部分行动，直到被释放。', '2026-04-27 11:36:23', '2026-04-27 11:36:23');
INSERT INTO `item` VALUES ('4', '哨子', '个', '铜制哨子，声音尖锐可传遍全岛。吹响后会在公屏显示哨音，可用于报警或召集同伴。', '2026-04-27 11:36:23', '2026-04-27 11:36:23');
INSERT INTO `item` VALUES ('5', '防弹衣', '件', '复合金属材质制成的防护背心。在暴力冲突中可将一次「枪击」降级为「受伤」，或将一次「受伤」无效化，每场冲突限用一次。', '2026-04-27 11:36:23', '2026-04-27 11:36:23');
INSERT INTO `item` VALUES ('6', '复合盾', '个', '轻质金属与帆布复合的防暴盾牌。一次「受伤」无效化，每场冲突限用一次。', '2026-04-27 11:36:23', '2026-04-27 11:36:23');
INSERT INTO `item` VALUES ('7', '信号枪', '把', '维里式单发信号枪，可发射彩色信号弹。发射后由主持人在公屏展示信号内容（不超过5个字），可用于求援或传递简单信息。', '2026-04-27 11:36:23', '2026-04-27 11:36:23');
INSERT INTO `item` VALUES ('8', '维修工具包', '个', '内含基础维修工具。每包提供10点维修资源，可修复损坏的机械或设施。', '2026-04-27 11:36:23', '2026-04-27 11:36:23');
INSERT INTO `item` VALUES ('9', '协议书', '个', '带法律效力的空白契约纸。玩家之间可自行签订契约协议，用协议书签订的协议不公开契约信息。违约将受到约定惩罚。每名玩家每天最多成为契约者一次。', '2026-04-27 11:36:23', '2026-04-27 11:36:23');
INSERT INTO `item` VALUES ('10', '朗姆酒', '瓶', '甘蔗酿造的烈酒，酒精度约40%。5瓶朗姆酒可以消除疲劳。', '2026-04-27 11:36:23', '2026-04-27 11:36:23');
INSERT INTO `item` VALUES ('11', '草药', '个', '岛上采集的药用植物，经干燥处理后保存。可用于简易治疗，等于3医疗资源。', '2026-04-27 11:36:23', '2026-04-27 11:36:23');
INSERT INTO `item` VALUES ('12', '渔网', '张', '麻绳编织的捕鱼网具。渔民可用其与渔船一起进行渔猎行动。', '2026-04-27 11:36:23', '2026-04-27 11:36:23');
INSERT INTO `item` VALUES ('13', '蜡烛', '根', '动物油脂或蜂蜡制成的照明物。提供基础夜间照明，比煤油更安静但亮度较低。', '2026-04-27 11:36:23', '2026-04-27 11:36:23');
INSERT INTO `item` VALUES ('14', '医用酒精', '升', '75%浓度的消毒酒精，每升可用于提供5点医疗资源。', '2026-04-27 11:36:23', '2026-04-27 11:36:23');
INSERT INTO `item` VALUES ('15', '火柴', '盒', '防水密封包装的火柴，每盒约50根。生火做饭、点灯取暖的基础消耗品。', '2026-04-27 11:36:23', '2026-04-27 11:36:23');
INSERT INTO `item` VALUES ('16', '铅笔', '盒', '木质铅笔。可用于书写信件、记录信息或绘制简易地图。', '2026-04-27 11:36:23', '2026-04-27 11:36:23');
INSERT INTO `item` VALUES ('17', '破损海图', '张', '年代久远的航海图，部分区域已损毁或褪色。仍可辨认大致航线与岛屿位置，是远洋航行的重要参考。', '2026-04-27 11:36:23', '2026-04-27 11:36:23');
INSERT INTO `item` VALUES ('18', '便当', '份', '面包师精心制作的便携餐食，内含面包、肉干和腌制蔬菜，营养均衡且便于携带。食用后可获得额外1个白天行动点，每人每天限吃一份。可以储存和交易，是后期高密度行动的重要战略资源。便当本身不提供热量，其核心价值在于让人挤出更多时间做事，而非填饱肚子。', '2026-04-27 11:36:23', '2026-05-02 19:26:21');
INSERT INTO `item` VALUES ('19', '矿场仓库钥匙', '把', '矿场仓库通行', '2026-05-14 21:23:51', '2026-05-17 00:00:00');
INSERT INTO `item` VALUES ('20', '燃料仓库钥匙', '把', '燃料仓库通行', '2026-05-14 21:24:04', '2026-05-14 21:24:22');
INSERT INTO `item` VALUES ('21', '镇武库钥匙', '把', '镇武库通行', '2026-05-14 21:24:57', '2026-05-14 21:24:57');
INSERT INTO `item` VALUES ('22', '码头集换站钥匙', '把', '码头集购站通行', '2026-05-14 21:25:32', '2026-05-14 21:25:32');
INSERT INTO `item` VALUES ('23', '反叛者基地钥匙', '把', '反叛者的物资基地', '2026-05-14 21:26:03', '2026-05-14 21:26:03');
INSERT INTO `item` VALUES ('24', '方舟钥匙', '把', '冒险者的物资基地', '2026-05-14 21:32:41', '2026-05-14 21:34:36');

-- ----------------------------
-- Table structure for job
-- ----------------------------
DROP TABLE IF EXISTS `job`;
CREATE TABLE `job` (
  `id` int(11) NOT NULL AUTO_INCREMENT,
  `name` varchar(50) NOT NULL,
  `skills` text NOT NULL,
  `created_at` datetime NOT NULL DEFAULT CURRENT_TIMESTAMP,
  `updated_at` datetime NOT NULL DEFAULT CURRENT_TIMESTAMP ON UPDATE CURRENT_TIMESTAMP,
  `description` text,
  PRIMARY KEY (`id`),
  UNIQUE KEY `name` (`name`)
) ENGINE=InnoDB AUTO_INCREMENT=36 DEFAULT CHARSET=utf8mb4;

-- ----------------------------
-- Records of job
-- ----------------------------
INSERT INTO `job` VALUES ('1', '镇长', '射击', '2026-04-26 22:13:35', '2026-05-02 22:44:25', '在密谋、暴力冲突中，如果装备远距离武器增加威胁值。如果调查玩家，可以选择在夜晚阶段骰 d6 寻找攻击机会，成功可发起小规模冲突；多人调查可袭击。');
INSERT INTO `job` VALUES ('2', '监狱长', '格斗,急救', '2026-04-26 22:13:35', '2026-05-02 22:44:37', '格斗：在密谋、暴力冲突中，如果装备近距离武器增加威胁值。急救：花费 5 医疗资源，将“枪伤”改为“受伤”标记。');
INSERT INTO `job` VALUES ('3', '警长', '射击', '2026-04-26 22:13:35', '2026-05-02 22:44:47', '在密谋、暴力冲突中，如果装备远距离武器增加威胁值。如果调查玩家，可以选择在夜晚阶段骰 d6 寻找攻击机会，成功可发起小规模冲突；多人调查可袭击。');
INSERT INTO `job` VALUES ('4', '隐藏统治者', '无', '2026-04-26 22:13:35', '2026-05-02 22:44:57', '无职业技能。');
INSERT INTO `job` VALUES ('6', '民兵', '格斗', '2026-05-02 22:47:15', '2026-05-02 22:47:15', '格斗：在密谋、暴力冲突中，如果装备近距离武器增加威胁值；调查玩家时夜晚骰 d6 寻找攻击机会，成功可发起小规模冲突；多人调查可袭击。');
INSERT INTO `job` VALUES ('7', '巡夜人', '格斗,巡逻', '2026-05-02 22:49:32', '2026-05-02 22:49:32', '格斗：在密谋、暴力冲突中，如果装备近距离武器增加威胁值。如果调查玩家，可以选择在夜晚阶段骰 d6 寻找攻击机会，成功可发起小规模冲突；多人调查可袭击。巡逻：夜间行动，选择一个地点，当晚该地点内非统治者阵营玩家夜晚行动成功率 -30%，巡夜人知晓其行动类型；需要当天未处于“劳工/过劳”。');
INSERT INTO `job` VALUES ('8', '农户', '食物生产', '2026-05-02 22:49:32', '2026-05-02 22:49:32', '使用牲畜设施获得食物 15 单位；或使用自留田设施获得 30 斤面粉。');
INSERT INTO `job` VALUES ('9', '伐木工', '伐木', '2026-05-02 22:49:32', '2026-05-02 22:49:32', '使用斧头获得 10 吨原木；使用电锯获得 30 吨原木。');
INSERT INTO `job` VALUES ('10', '矿工', '挖掘', '2026-05-02 22:49:32', '2026-05-02 22:49:32', '使用电钻获得 20 吨石料，否则 5 吨；该技能可额外增加避难所建造进度。');
INSERT INTO `job` VALUES ('11', '铁匠', '炼铁', '2026-05-02 22:49:32', '2026-05-02 22:49:32', '职业与技能在不满 48 人时不开放；具体效果未在资料中详细说明。');
INSERT INTO `job` VALUES ('12', '手工艺人', '手工艺', '2026-05-02 22:49:32', '2026-05-02 22:49:32', '使用工具制备单制作材料/物品/武器；制作列表包括皮带弹袋、复合盾、鱼叉矛、规制箭矢和弓弩等。');
INSERT INTO `job` VALUES ('13', '工匠', '木石工艺', '2026-05-02 22:49:32', '2026-05-02 22:49:32', '使用木板蒸汽箱将原木转化为木板；或使用切石机将石料转化为石墙。');
INSERT INTO `job` VALUES ('14', '渔民', '捕鱼,格斗', '2026-05-02 22:49:32', '2026-05-02 22:49:32', '捕鱼：码头使用渔船设施，获得食物 10 单位或 20kg 鱼肉。格斗：在密谋、暴力冲突中，如果装备近距离武器增加威胁值。如果调查玩家，可以选择在夜晚阶段骰 d6 寻找攻击机会，成功可发起小规模冲突；多人调查可袭击。');
INSERT INTO `job` VALUES ('15', '水手', '航海,格斗', '2026-05-02 22:49:32', '2026-05-02 22:49:32', '航海：码头使用货船设施获得 10kg 鱼肉；亦为远洋航行必要技能，对冒险者阵营有特殊用途。格斗：在密谋、暴力冲突中，如果装备近距离武器增加威胁值。如果调查玩家，可以选择在夜晚阶段骰 d6 寻找攻击机会，成功可发起小规模冲突；多人调查可袭击。');
INSERT INTO `job` VALUES ('16', '船长', '远洋导航,射击', '2026-05-02 22:49:32', '2026-05-02 22:49:32', '远洋导航：为方舟终局提供更好的结局倾向，并查看所有天灾牌。射击：在密谋、暴力冲突中，如果装备远距离武器增加威胁值。如果调查玩家，可以选择在夜晚阶段骰 d6 寻找攻击机会，成功可发起小规模冲突；多人调查可袭击。');
INSERT INTO `job` VALUES ('17', '装卸工', '搬运,斗殴', '2026-05-02 22:49:32', '2026-05-02 22:49:32', '搬运：搬运量永远是其他职业的两倍。斗殴：具体效果未详细说明（推测为格斗变体）。');
INSERT INTO `job` VALUES ('18', '采珠人', '潜水,捕鱼', '2026-05-02 22:49:32', '2026-05-02 22:49:32', '潜水：每天一次，码头使用，由主持人投 d6：1-5 获得食物 8 单位，6 获得沉船遗物。捕鱼：在码头使用渔船设施，获得食物 10 单位或 20kg 鱼肉。');
INSERT INTO `job` VALUES ('19', '神父', '布道,医疗', '2026-05-02 22:49:32', '2026-05-02 22:49:32', '布道：每天一次，选择最多 3 人，使其下一个行动生产 +50%；或为最多 3 人消除诅咒。医疗：每天一次，选择一位或至多 5 位“受伤”玩家，花费 3 医疗资源每人消除“受伤”；选择一位或多位“过劳”玩家，花费 2 医疗资源每人消除“过劳”。');
INSERT INTO `job` VALUES ('20', '赤脚医生', '医疗,急救', '2026-05-02 22:49:32', '2026-05-02 22:49:32', '医疗：每天一次，选择一位或至多 5 位“受伤”玩家，花费 3 医疗资源每人消除“受伤”；选择一位或多位“过劳”玩家，花费 2 医疗资源每人消除“过劳”。急救：花费 5 医疗资源，将“枪伤”改为“受伤”标记。');
INSERT INTO `job` VALUES ('21', '杂货店主', '无', '2026-05-02 22:49:32', '2026-05-02 22:49:32', '特殊性：初始拥有大量资源和商店功能；无职业技能。');
INSERT INTO `job` VALUES ('22', '旅店店主', '烘焙', '2026-05-02 22:49:32', '2026-05-02 22:49:32', '烘焙：需要 5 单位食物与 15kg 木材制作 1 份便当；便当当天额外获得 1 个白天行动点，每人每天限 1 次。');
INSERT INTO `job` VALUES ('23', '酒馆老板', '无', '2026-05-02 22:49:32', '2026-05-02 22:49:32', '特殊性：初始拥有大量酒类与医用酒精；无职业技能。');
INSERT INTO `job` VALUES ('24', '灯塔看守员', '射击', '2026-05-02 22:49:32', '2026-05-02 22:49:32', '射击：在密谋、暴力冲突中，如果装备远距离武器增加威胁值。如果调查玩家，可以选择在夜晚阶段骰 d6 寻找攻击机会，成功可发起小规模冲突；多人调查可袭击。');
INSERT INTO `job` VALUES ('25', '面包师', '烘焙', '2026-05-02 22:49:32', '2026-05-02 22:49:32', '烘焙：需要 5 单位食物与 15kg 木材制作 1 份便当；便当当天额外获得 1 个白天行动点，每人每天限 1 次。');
INSERT INTO `job` VALUES ('26', '向导', '急救,潜行', '2026-05-02 22:49:32', '2026-05-02 22:49:32', '急救：花费 5 医疗资源，将“枪伤”改为“受伤”标记。潜行：为谋略增加成功率，且无法被调查。');
INSERT INTO `job` VALUES ('27', '猎户', '射击,潜行', '2026-05-02 22:49:32', '2026-05-02 22:49:32', '射击：在密谋、暴力冲突中，如果装备远距离武器增加威胁值。如果调查玩家，可以选择在夜晚阶段骰 d6 寻找攻击机会，成功可发起小规模冲突；多人调查可袭击。潜行：为谋略增加成功率，且无法被调查。');
INSERT INTO `job` VALUES ('28', '邮递员', '潜行', '2026-05-02 22:49:32', '2026-05-02 22:49:32', '潜行：为谋略增加成功率，且无法被调查。');
INSERT INTO `job` VALUES ('29', '守墓人', '通灵', '2026-05-02 22:49:32', '2026-05-02 22:49:32', '每天一次，与一位死亡玩家建立私信交流，由主持人保底提供信息。');
INSERT INTO `job` VALUES ('30', '气象观测员', '天气预测', '2026-05-02 22:49:32', '2026-05-02 22:49:32', '你通过科学手段发现异常暴雪来临；可查看所有天灾牌，并为终局结算提供更好的结局倾向。');
INSERT INTO `job` VALUES ('31', '占卜师', '占星', '2026-05-02 22:49:32', '2026-05-02 22:49:32', '为终局结算提供更好的结局倾向；可抽取一张天灾牌撕毁使其不生效，或让一张事件牌撕毁不生效。');
INSERT INTO `job` VALUES ('32', '设施维护人', '维修', '2026-05-02 22:49:32', '2026-05-02 22:49:32', '每天一次，修复一个被破坏的设施，花费 5 维修资源。');
INSERT INTO `job` VALUES ('33', '教师', '启蒙', '2026-05-02 22:49:32', '2026-05-02 22:49:32', '每天一次，消耗一盒粉笔与 2 支铅笔，选择除自己外最多 2 名玩家，使其临时学会一项基础技能持续到次日白天结束；若已拥有则增产 50%。');
INSERT INTO `job` VALUES ('34', '治安官', '射击', '2026-05-02 22:49:32', '2026-05-02 22:49:32', '在密谋、暴力冲突中，如果装备远距离武器增加威胁值。如果调查玩家，可以选择在夜晚阶段骰 d6 寻找攻击机会，成功可发起小规模冲突；多人调查可袭击。');
INSERT INTO `job` VALUES ('35', '女巫', '协议契约', '2026-05-02 22:49:32', '2026-05-02 22:49:32', '为一位或多位玩家建立协议契约，可以指定违反协议的惩罚内容。');

-- ----------------------------
-- Table structure for job_initial_items
-- ----------------------------
DROP TABLE IF EXISTS `job_initial_items`;
CREATE TABLE `job_initial_items` (
  `id` int(11) NOT NULL AUTO_INCREMENT,
  `job_id` int(11) NOT NULL COMMENT '职业ID',
  `item_type` enum('item','weapon','ammo','material') NOT NULL COMMENT '物品类型',
  `item_id` int(11) NOT NULL COMMENT '物品ID',
  `quantity` int(11) NOT NULL DEFAULT '1' COMMENT '初始数量',
  `unit` varchar(20) DEFAULT NULL COMMENT '单位',
  `created_at` datetime NOT NULL DEFAULT CURRENT_TIMESTAMP,
  `updated_at` datetime NOT NULL DEFAULT CURRENT_TIMESTAMP ON UPDATE CURRENT_TIMESTAMP,
  PRIMARY KEY (`id`),
  UNIQUE KEY `idx_job_item` (`job_id`,`item_type`,`item_id`),
  KEY `idx_job_id` (`job_id`),
  CONSTRAINT `job_initial_items_ibfk_1` FOREIGN KEY (`job_id`) REFERENCES `job` (`id`)
) ENGINE=InnoDB AUTO_INCREMENT=226 DEFAULT CHARSET=utf8mb4 COMMENT='职业初始资源表';

-- ----------------------------
-- Records of job_initial_items
-- ----------------------------
INSERT INTO `job_initial_items` VALUES ('1', '1', 'item', '5', '1', '件', '2026-05-02 22:50:05', '2026-05-02 22:50:05');
INSERT INTO `job_initial_items` VALUES ('2', '1', 'weapon', '1', '1', '把', '2026-05-02 22:50:05', '2026-05-02 22:50:05');
INSERT INTO `job_initial_items` VALUES ('3', '1', 'ammo', '1', '6', '枚', '2026-05-02 22:50:05', '2026-05-02 22:50:05');
INSERT INTO `job_initial_items` VALUES ('4', '2', 'item', '3', '2', '个', '2026-05-02 22:50:05', '2026-05-02 22:50:05');
INSERT INTO `job_initial_items` VALUES ('5', '2', 'weapon', '3', '1', '个', '2026-05-02 22:50:05', '2026-05-02 22:50:05');
INSERT INTO `job_initial_items` VALUES ('6', '2', 'item', '5', '1', '件', '2026-05-02 22:50:05', '2026-05-02 22:50:05');
INSERT INTO `job_initial_items` VALUES ('7', '2', 'item', '2', '2', '个', '2026-05-02 22:50:05', '2026-05-02 22:50:05');
INSERT INTO `job_initial_items` VALUES ('8', '2', 'item', '4', '1', '个', '2026-05-02 22:50:05', '2026-05-02 22:50:05');
INSERT INTO `job_initial_items` VALUES ('9', '3', 'weapon', '3', '1', '个', '2026-05-02 22:50:05', '2026-05-02 22:50:05');
INSERT INTO `job_initial_items` VALUES ('10', '3', 'item', '2', '1', '个', '2026-05-02 22:50:05', '2026-05-02 22:50:05');
INSERT INTO `job_initial_items` VALUES ('11', '3', 'item', '4', '1', '个', '2026-05-02 22:50:05', '2026-05-02 22:50:05');
INSERT INTO `job_initial_items` VALUES ('12', '3', 'item', '5', '1', '件', '2026-05-02 22:50:05', '2026-05-02 22:50:05');
INSERT INTO `job_initial_items` VALUES ('13', '3', 'weapon', '1', '1', '把', '2026-05-02 22:50:05', '2026-05-02 22:50:05');
INSERT INTO `job_initial_items` VALUES ('14', '3', 'ammo', '1', '6', '枚', '2026-05-02 22:50:05', '2026-05-02 22:50:05');
INSERT INTO `job_initial_items` VALUES ('15', '4', 'item', '5', '1', '件', '2026-05-02 22:50:05', '2026-05-02 22:50:05');
INSERT INTO `job_initial_items` VALUES ('16', '5', 'item', '3', '1', '个', '2026-05-02 22:50:05', '2026-05-02 22:50:05');
INSERT INTO `job_initial_items` VALUES ('17', '5', 'weapon', '3', '1', '个', '2026-05-02 22:50:05', '2026-05-02 22:50:05');
INSERT INTO `job_initial_items` VALUES ('18', '5', 'item', '5', '1', '件', '2026-05-02 22:50:05', '2026-05-02 22:50:05');
INSERT INTO `job_initial_items` VALUES ('19', '5', 'item', '2', '1', '个', '2026-05-02 22:50:05', '2026-05-02 22:50:05');
INSERT INTO `job_initial_items` VALUES ('20', '5', 'material', '5', '2', 'kg', '2026-05-02 22:50:05', '2026-05-02 22:50:05');
INSERT INTO `job_initial_items` VALUES ('21', '5', 'material', '8', '5', 'kg', '2026-05-02 22:50:05', '2026-05-02 22:50:05');
INSERT INTO `job_initial_items` VALUES ('22', '5', 'material', '2', '45', 'kg', '2026-05-02 22:50:05', '2026-05-02 22:50:05');
INSERT INTO `job_initial_items` VALUES ('23', '5', 'weapon', '1', '1', '把', '2026-05-02 22:50:05', '2026-05-02 22:50:05');
INSERT INTO `job_initial_items` VALUES ('24', '5', 'ammo', '1', '2', '枚', '2026-05-02 22:50:05', '2026-05-02 22:50:05');
INSERT INTO `job_initial_items` VALUES ('25', '5', 'item', '1', '1', '个', '2026-05-02 22:50:05', '2026-05-02 22:50:05');
INSERT INTO `job_initial_items` VALUES ('26', '5', 'material', '3', '10', '米', '2026-05-02 22:50:05', '2026-05-02 22:50:05');
INSERT INTO `job_initial_items` VALUES ('27', '5', 'item', '10', '5', '瓶', '2026-05-02 22:50:05', '2026-05-02 22:50:05');
INSERT INTO `job_initial_items` VALUES ('28', '6', 'item', '6', '1', '个', '2026-05-02 22:50:05', '2026-05-02 22:50:05');
INSERT INTO `job_initial_items` VALUES ('29', '6', 'weapon', '3', '1', '个', '2026-05-02 22:50:05', '2026-05-02 22:50:05');
INSERT INTO `job_initial_items` VALUES ('30', '6', 'material', '5', '2', 'kg', '2026-05-02 22:50:05', '2026-05-02 22:50:05');
INSERT INTO `job_initial_items` VALUES ('31', '6', 'material', '8', '5', 'kg', '2026-05-02 22:50:05', '2026-05-02 22:50:05');
INSERT INTO `job_initial_items` VALUES ('32', '6', 'material', '2', '45', 'kg', '2026-05-02 22:50:05', '2026-05-02 22:50:05');
INSERT INTO `job_initial_items` VALUES ('33', '6', 'weapon', '1', '1', '把', '2026-05-02 22:50:05', '2026-05-02 22:50:05');
INSERT INTO `job_initial_items` VALUES ('34', '6', 'ammo', '1', '2', '枚', '2026-05-02 22:50:05', '2026-05-02 22:50:05');
INSERT INTO `job_initial_items` VALUES ('35', '6', 'item', '1', '1', '个', '2026-05-02 22:50:05', '2026-05-02 22:50:05');
INSERT INTO `job_initial_items` VALUES ('36', '6', 'material', '3', '10', '米', '2026-05-02 22:50:05', '2026-05-02 22:50:05');
INSERT INTO `job_initial_items` VALUES ('37', '6', 'item', '10', '5', '瓶', '2026-05-02 22:50:05', '2026-05-02 22:50:05');
INSERT INTO `job_initial_items` VALUES ('38', '7', 'item', '4', '1', '个', '2026-05-02 22:50:05', '2026-05-02 22:50:05');
INSERT INTO `job_initial_items` VALUES ('39', '7', 'item', '2', '2', '个', '2026-05-02 22:50:05', '2026-05-02 22:50:05');
INSERT INTO `job_initial_items` VALUES ('40', '7', 'item', '6', '1', '个', '2026-05-02 22:50:05', '2026-05-02 22:50:05');
INSERT INTO `job_initial_items` VALUES ('41', '7', 'item', '13', '10', '根', '2026-05-02 22:50:05', '2026-05-02 22:50:05');
INSERT INTO `job_initial_items` VALUES ('42', '7', 'material', '5', '2', 'kg', '2026-05-02 22:50:05', '2026-05-02 22:50:05');
INSERT INTO `job_initial_items` VALUES ('43', '7', 'material', '8', '5', 'kg', '2026-05-02 22:50:05', '2026-05-02 22:50:05');
INSERT INTO `job_initial_items` VALUES ('44', '7', 'material', '2', '45', 'kg', '2026-05-02 22:50:05', '2026-05-02 22:50:05');
INSERT INTO `job_initial_items` VALUES ('45', '7', 'weapon', '1', '1', '把', '2026-05-02 22:50:05', '2026-05-02 22:50:05');
INSERT INTO `job_initial_items` VALUES ('46', '7', 'ammo', '1', '2', '枚', '2026-05-02 22:50:05', '2026-05-02 22:50:05');
INSERT INTO `job_initial_items` VALUES ('47', '7', 'item', '1', '1', '个', '2026-05-02 22:50:05', '2026-05-02 22:50:05');
INSERT INTO `job_initial_items` VALUES ('48', '7', 'material', '3', '10', '米', '2026-05-02 22:50:05', '2026-05-02 22:50:05');
INSERT INTO `job_initial_items` VALUES ('49', '7', 'item', '10', '5', '瓶', '2026-05-02 22:50:05', '2026-05-02 22:50:05');
INSERT INTO `job_initial_items` VALUES ('50', '8', 'material', '5', '13', 'kg', '2026-05-02 22:50:05', '2026-05-02 22:50:05');
INSERT INTO `job_initial_items` VALUES ('51', '8', 'material', '3', '10', '米', '2026-05-02 22:50:05', '2026-05-02 22:50:05');
INSERT INTO `job_initial_items` VALUES ('52', '8', 'weapon', '9', '1', '把', '2026-05-02 22:50:05', '2026-05-02 22:50:05');
INSERT INTO `job_initial_items` VALUES ('53', '8', 'item', '15', '1', '盒', '2026-05-02 22:50:05', '2026-05-02 22:50:05');
INSERT INTO `job_initial_items` VALUES ('54', '8', 'material', '8', '5', 'kg', '2026-05-02 22:50:05', '2026-05-02 22:50:05');
INSERT INTO `job_initial_items` VALUES ('55', '8', 'material', '2', '150', 'kg', '2026-05-02 22:50:05', '2026-05-02 22:50:05');
INSERT INTO `job_initial_items` VALUES ('56', '9', 'weapon', '9', '1', '把', '2026-05-02 22:50:05', '2026-05-02 22:50:05');
INSERT INTO `job_initial_items` VALUES ('57', '9', 'weapon', '10', '1', '把', '2026-05-02 22:50:05', '2026-05-02 22:50:05');
INSERT INTO `job_initial_items` VALUES ('58', '9', 'material', '3', '10', '米', '2026-05-02 22:50:05', '2026-05-02 22:50:05');
INSERT INTO `job_initial_items` VALUES ('59', '9', 'item', '2', '1', '个', '2026-05-02 22:50:05', '2026-05-02 22:50:05');
INSERT INTO `job_initial_items` VALUES ('60', '9', 'item', '15', '1', '盒', '2026-05-02 22:50:05', '2026-05-02 22:50:05');
INSERT INTO `job_initial_items` VALUES ('61', '9', 'material', '5', '8', 'kg', '2026-05-02 22:50:05', '2026-05-02 22:50:05');
INSERT INTO `job_initial_items` VALUES ('62', '9', 'material', '8', '5', 'kg', '2026-05-02 22:50:05', '2026-05-02 22:50:05');
INSERT INTO `job_initial_items` VALUES ('63', '9', 'material', '2', '150', 'kg', '2026-05-02 22:50:05', '2026-05-02 22:50:05');
INSERT INTO `job_initial_items` VALUES ('64', '10', 'weapon', '8', '3', '把', '2026-05-02 22:50:05', '2026-05-02 22:50:05');
INSERT INTO `job_initial_items` VALUES ('65', '10', 'item', '2', '1', '个', '2026-05-02 22:50:05', '2026-05-02 22:50:05');
INSERT INTO `job_initial_items` VALUES ('66', '10', 'item', '15', '1', '盒', '2026-05-02 22:50:05', '2026-05-02 22:50:05');
INSERT INTO `job_initial_items` VALUES ('67', '10', 'material', '5', '8', 'kg', '2026-05-02 22:50:05', '2026-05-02 22:50:05');
INSERT INTO `job_initial_items` VALUES ('68', '10', 'material', '8', '5', 'kg', '2026-05-02 22:50:05', '2026-05-02 22:50:05');
INSERT INTO `job_initial_items` VALUES ('69', '10', 'material', '2', '150', 'kg', '2026-05-02 22:50:05', '2026-05-02 22:50:05');
INSERT INTO `job_initial_items` VALUES ('70', '11', 'weapon', '4', '1', '把', '2026-05-02 22:50:05', '2026-05-02 22:50:05');
INSERT INTO `job_initial_items` VALUES ('71', '11', 'material', '3', '10', '米', '2026-05-02 22:50:05', '2026-05-02 22:50:05');
INSERT INTO `job_initial_items` VALUES ('72', '11', 'item', '15', '1', '盒', '2026-05-02 22:50:05', '2026-05-02 22:50:05');
INSERT INTO `job_initial_items` VALUES ('73', '11', 'material', '5', '8', 'kg', '2026-05-02 22:50:05', '2026-05-02 22:50:05');
INSERT INTO `job_initial_items` VALUES ('74', '11', 'material', '8', '5', 'kg', '2026-05-02 22:50:05', '2026-05-02 22:50:05');
INSERT INTO `job_initial_items` VALUES ('75', '11', 'material', '2', '150', 'kg', '2026-05-02 22:50:05', '2026-05-02 22:50:05');
INSERT INTO `job_initial_items` VALUES ('76', '12', 'material', '1', '5', 'kg', '2026-05-02 22:50:05', '2026-05-02 22:50:05');
INSERT INTO `job_initial_items` VALUES ('77', '12', 'material', '3', '20', '米', '2026-05-02 22:50:05', '2026-05-02 22:50:05');
INSERT INTO `job_initial_items` VALUES ('78', '12', 'material', '9', '10', '米', '2026-05-02 22:50:05', '2026-05-02 22:50:05');
INSERT INTO `job_initial_items` VALUES ('79', '12', 'item', '2', '1', '个', '2026-05-02 22:50:05', '2026-05-02 22:50:05');
INSERT INTO `job_initial_items` VALUES ('80', '12', 'item', '15', '1', '盒', '2026-05-02 22:50:05', '2026-05-02 22:50:05');
INSERT INTO `job_initial_items` VALUES ('81', '12', 'material', '5', '8', 'kg', '2026-05-02 22:50:05', '2026-05-02 22:50:05');
INSERT INTO `job_initial_items` VALUES ('82', '12', 'material', '8', '5', 'kg', '2026-05-02 22:50:05', '2026-05-02 22:50:05');
INSERT INTO `job_initial_items` VALUES ('83', '12', 'material', '2', '150', 'kg', '2026-05-02 22:50:05', '2026-05-02 22:50:05');
INSERT INTO `job_initial_items` VALUES ('84', '13', 'material', '5', '8', 'kg', '2026-05-02 22:50:05', '2026-05-02 22:50:05');
INSERT INTO `job_initial_items` VALUES ('85', '13', 'material', '8', '5', 'kg', '2026-05-02 22:50:05', '2026-05-02 22:50:05');
INSERT INTO `job_initial_items` VALUES ('86', '13', 'material', '2', '150', 'kg', '2026-05-02 22:50:05', '2026-05-02 22:50:05');
INSERT INTO `job_initial_items` VALUES ('87', '14', 'weapon', '6', '1', '个', '2026-05-02 22:50:05', '2026-05-02 22:50:05');
INSERT INTO `job_initial_items` VALUES ('88', '14', 'item', '12', '1', '张', '2026-05-02 22:50:05', '2026-05-02 22:50:05');
INSERT INTO `job_initial_items` VALUES ('89', '14', 'weapon', '4', '1', '把', '2026-05-02 22:50:05', '2026-05-02 22:50:05');
INSERT INTO `job_initial_items` VALUES ('90', '14', 'material', '3', '20', '米', '2026-05-02 22:50:05', '2026-05-02 22:50:05');
INSERT INTO `job_initial_items` VALUES ('91', '14', 'material', '5', '5', 'kg', '2026-05-02 22:50:05', '2026-05-02 22:50:05');
INSERT INTO `job_initial_items` VALUES ('92', '14', 'material', '2', '80', 'kg', '2026-05-02 22:50:05', '2026-05-02 22:50:05');
INSERT INTO `job_initial_items` VALUES ('93', '14', 'material', '8', '10', 'kg', '2026-05-02 22:50:05', '2026-05-02 22:50:05');
INSERT INTO `job_initial_items` VALUES ('94', '15', 'weapon', '4', '1', '把', '2026-05-02 22:50:05', '2026-05-02 22:50:05');
INSERT INTO `job_initial_items` VALUES ('95', '15', 'material', '3', '30', '米', '2026-05-02 22:50:05', '2026-05-02 22:50:05');
INSERT INTO `job_initial_items` VALUES ('96', '15', 'item', '2', '1', '个', '2026-05-02 22:50:05', '2026-05-02 22:50:05');
INSERT INTO `job_initial_items` VALUES ('97', '15', 'item', '12', '1', '张', '2026-05-02 22:50:05', '2026-05-02 22:50:05');
INSERT INTO `job_initial_items` VALUES ('98', '15', 'material', '5', '5', 'kg', '2026-05-02 22:50:05', '2026-05-02 22:50:05');
INSERT INTO `job_initial_items` VALUES ('99', '15', 'material', '2', '80', 'kg', '2026-05-02 22:50:05', '2026-05-02 22:50:05');
INSERT INTO `job_initial_items` VALUES ('100', '15', 'material', '8', '10', 'kg', '2026-05-02 22:50:05', '2026-05-02 22:50:05');
INSERT INTO `job_initial_items` VALUES ('101', '16', 'weapon', '4', '1', '把', '2026-05-02 22:50:05', '2026-05-02 22:50:05');
INSERT INTO `job_initial_items` VALUES ('102', '16', 'item', '7', '1', '把', '2026-05-02 22:50:05', '2026-05-02 22:50:05');
INSERT INTO `job_initial_items` VALUES ('103', '16', 'ammo', '3', '1', '枚', '2026-05-02 22:50:05', '2026-05-02 22:50:05');
INSERT INTO `job_initial_items` VALUES ('104', '16', 'item', '17', '1', '张', '2026-05-02 22:50:05', '2026-05-02 22:50:05');
INSERT INTO `job_initial_items` VALUES ('105', '16', 'material', '5', '5', 'kg', '2026-05-02 22:50:05', '2026-05-02 22:50:05');
INSERT INTO `job_initial_items` VALUES ('106', '16', 'material', '2', '80', 'kg', '2026-05-02 22:50:05', '2026-05-02 22:50:05');
INSERT INTO `job_initial_items` VALUES ('107', '16', 'material', '8', '10', 'kg', '2026-05-02 22:50:05', '2026-05-02 22:50:05');
INSERT INTO `job_initial_items` VALUES ('108', '16', 'material', '3', '10', '米', '2026-05-02 22:50:05', '2026-05-02 22:50:05');
INSERT INTO `job_initial_items` VALUES ('109', '17', 'material', '3', '30', '米', '2026-05-02 22:50:05', '2026-05-02 22:50:05');
INSERT INTO `job_initial_items` VALUES ('110', '17', 'item', '2', '1', '个', '2026-05-02 22:50:05', '2026-05-02 22:50:05');
INSERT INTO `job_initial_items` VALUES ('111', '17', 'weapon', '4', '1', '把', '2026-05-02 22:50:05', '2026-05-02 22:50:05');
INSERT INTO `job_initial_items` VALUES ('112', '17', 'material', '5', '5', 'kg', '2026-05-02 22:50:05', '2026-05-02 22:50:05');
INSERT INTO `job_initial_items` VALUES ('113', '17', 'material', '2', '80', 'kg', '2026-05-02 22:50:05', '2026-05-02 22:50:05');
INSERT INTO `job_initial_items` VALUES ('114', '17', 'material', '8', '10', 'kg', '2026-05-02 22:50:05', '2026-05-02 22:50:05');
INSERT INTO `job_initial_items` VALUES ('115', '18', 'weapon', '4', '1', '把', '2026-05-02 22:50:05', '2026-05-02 22:50:05');
INSERT INTO `job_initial_items` VALUES ('116', '18', 'item', '12', '1', '张', '2026-05-02 22:50:05', '2026-05-02 22:50:05');
INSERT INTO `job_initial_items` VALUES ('117', '18', 'material', '3', '20', '米', '2026-05-02 22:50:05', '2026-05-02 22:50:05');
INSERT INTO `job_initial_items` VALUES ('118', '18', 'material', '5', '5', 'kg', '2026-05-02 22:50:05', '2026-05-02 22:50:05');
INSERT INTO `job_initial_items` VALUES ('119', '18', 'material', '2', '80', 'kg', '2026-05-02 22:50:05', '2026-05-02 22:50:05');
INSERT INTO `job_initial_items` VALUES ('120', '18', 'material', '8', '10', 'kg', '2026-05-02 22:50:05', '2026-05-02 22:50:05');
INSERT INTO `job_initial_items` VALUES ('121', '19', 'item', '13', '50', '支', '2026-05-02 22:50:05', '2026-05-02 22:50:05');
INSERT INTO `job_initial_items` VALUES ('122', '19', 'item', '15', '5', '盒', '2026-05-02 22:50:05', '2026-05-02 22:50:05');
INSERT INTO `job_initial_items` VALUES ('123', '19', 'material', '3', '10', '米', '2026-05-02 22:50:05', '2026-05-02 22:50:05');
INSERT INTO `job_initial_items` VALUES ('124', '19', 'material', '5', '3', 'kg', '2026-05-02 22:50:05', '2026-05-02 22:50:05');
INSERT INTO `job_initial_items` VALUES ('125', '19', 'material', '8', '5', 'kg', '2026-05-02 22:50:05', '2026-05-02 22:50:05');
INSERT INTO `job_initial_items` VALUES ('126', '19', 'material', '2', '50', 'kg', '2026-05-02 22:50:05', '2026-05-02 22:50:05');
INSERT INTO `job_initial_items` VALUES ('127', '19', 'material', '1', '10', 'kg', '2026-05-02 22:50:05', '2026-05-02 22:50:05');
INSERT INTO `job_initial_items` VALUES ('128', '20', 'item', '1', '2', '个', '2026-05-02 22:50:05', '2026-05-02 22:50:05');
INSERT INTO `job_initial_items` VALUES ('129', '20', 'weapon', '11', '1', '把', '2026-05-02 22:50:05', '2026-05-02 22:50:05');
INSERT INTO `job_initial_items` VALUES ('130', '20', 'material', '3', '10', '米', '2026-05-02 22:50:05', '2026-05-02 22:50:05');
INSERT INTO `job_initial_items` VALUES ('131', '20', 'material', '5', '3', 'kg', '2026-05-02 22:50:05', '2026-05-02 22:50:05');
INSERT INTO `job_initial_items` VALUES ('132', '20', 'material', '8', '5', 'kg', '2026-05-02 22:50:05', '2026-05-02 22:50:05');
INSERT INTO `job_initial_items` VALUES ('133', '20', 'material', '2', '50', 'kg', '2026-05-02 22:50:05', '2026-05-02 22:50:05');
INSERT INTO `job_initial_items` VALUES ('134', '20', 'material', '1', '10', 'kg', '2026-05-02 22:50:05', '2026-05-02 22:50:05');
INSERT INTO `job_initial_items` VALUES ('135', '21', 'material', '5', '23', 'kg', '2026-05-02 22:50:05', '2026-05-02 22:50:05');
INSERT INTO `job_initial_items` VALUES ('136', '21', 'item', '10', '10', '瓶', '2026-05-02 22:50:05', '2026-05-02 22:50:05');
INSERT INTO `job_initial_items` VALUES ('137', '21', 'material', '3', '100', '米', '2026-05-02 22:50:05', '2026-05-02 22:50:05');
INSERT INTO `job_initial_items` VALUES ('138', '21', 'weapon', '8', '2', '把', '2026-05-02 22:50:05', '2026-05-02 22:50:05');
INSERT INTO `job_initial_items` VALUES ('139', '21', 'weapon', '9', '2', '把', '2026-05-02 22:50:05', '2026-05-02 22:50:05');
INSERT INTO `job_initial_items` VALUES ('140', '21', 'weapon', '2', '2', '把', '2026-05-02 22:50:05', '2026-05-02 22:50:05');
INSERT INTO `job_initial_items` VALUES ('141', '21', 'ammo', '2', '4', '枚', '2026-05-02 22:50:05', '2026-05-02 22:50:05');
INSERT INTO `job_initial_items` VALUES ('142', '21', 'material', '8', '35', 'kg', '2026-05-02 22:50:05', '2026-05-02 22:50:05');
INSERT INTO `job_initial_items` VALUES ('143', '21', 'material', '2', '350', 'kg', '2026-05-02 22:50:05', '2026-05-02 22:50:05');
INSERT INTO `job_initial_items` VALUES ('144', '21', 'material', '1', '40', 'kg', '2026-05-02 22:50:05', '2026-05-02 22:50:05');
INSERT INTO `job_initial_items` VALUES ('145', '21', 'material', '6', '30', 'kg', '2026-05-02 22:50:05', '2026-05-02 22:50:05');
INSERT INTO `job_initial_items` VALUES ('146', '21', 'material', '9', '30', '米', '2026-05-02 22:50:05', '2026-05-02 22:50:05');
INSERT INTO `job_initial_items` VALUES ('147', '21', 'item', '16', '5', '支', '2026-05-02 22:50:05', '2026-05-02 22:50:05');
INSERT INTO `job_initial_items` VALUES ('148', '22', 'material', '5', '18', 'kg', '2026-05-02 22:50:05', '2026-05-02 22:50:05');
INSERT INTO `job_initial_items` VALUES ('149', '22', 'material', '2', '550', 'kg', '2026-05-02 22:50:05', '2026-05-02 22:50:05');
INSERT INTO `job_initial_items` VALUES ('150', '22', 'material', '8', '105', 'kg', '2026-05-02 22:50:05', '2026-05-02 22:50:05');
INSERT INTO `job_initial_items` VALUES ('151', '23', 'item', '15', '1', '盒', '2026-05-02 22:50:05', '2026-05-02 22:50:05');
INSERT INTO `job_initial_items` VALUES ('152', '23', 'item', '14', '10', '升', '2026-05-02 22:50:05', '2026-05-02 22:50:05');
INSERT INTO `job_initial_items` VALUES ('153', '23', 'material', '5', '5', 'kg', '2026-05-02 22:50:05', '2026-05-02 22:50:05');
INSERT INTO `job_initial_items` VALUES ('154', '23', 'material', '8', '5', 'kg', '2026-05-02 22:50:05', '2026-05-02 22:50:05');
INSERT INTO `job_initial_items` VALUES ('155', '23', 'material', '2', '50', 'kg', '2026-05-02 22:50:05', '2026-05-02 22:50:05');
INSERT INTO `job_initial_items` VALUES ('156', '23', 'material', '1', '10', 'kg', '2026-05-02 22:50:05', '2026-05-02 22:50:05');
INSERT INTO `job_initial_items` VALUES ('157', '24', 'item', '7', '1', '把', '2026-05-02 22:50:05', '2026-05-02 22:50:05');
INSERT INTO `job_initial_items` VALUES ('158', '24', 'ammo', '3', '2', '枚', '2026-05-02 22:50:05', '2026-05-02 22:50:05');
INSERT INTO `job_initial_items` VALUES ('159', '24', 'item', '2', '1', '个', '2026-05-02 22:50:05', '2026-05-02 22:50:05');
INSERT INTO `job_initial_items` VALUES ('160', '24', 'material', '8', '15', 'kg', '2026-05-02 22:50:05', '2026-05-02 22:50:05');
INSERT INTO `job_initial_items` VALUES ('161', '24', 'item', '17', '1', '张', '2026-05-02 22:50:05', '2026-05-02 22:50:05');
INSERT INTO `job_initial_items` VALUES ('162', '24', 'material', '5', '3', 'kg', '2026-05-02 22:50:05', '2026-05-02 22:50:05');
INSERT INTO `job_initial_items` VALUES ('163', '24', 'material', '2', '50', 'kg', '2026-05-02 22:50:05', '2026-05-02 22:50:05');
INSERT INTO `job_initial_items` VALUES ('164', '24', 'material', '1', '10', 'kg', '2026-05-02 22:50:05', '2026-05-02 22:50:05');
INSERT INTO `job_initial_items` VALUES ('165', '25', 'material', '5', '8', 'kg', '2026-05-02 22:50:05', '2026-05-02 22:50:05');
INSERT INTO `job_initial_items` VALUES ('166', '25', 'material', '8', '5', 'kg', '2026-05-02 22:50:05', '2026-05-02 22:50:05');
INSERT INTO `job_initial_items` VALUES ('167', '25', 'material', '2', '50', 'kg', '2026-05-02 22:50:05', '2026-05-02 22:50:05');
INSERT INTO `job_initial_items` VALUES ('168', '25', 'material', '1', '10', 'kg', '2026-05-02 22:50:05', '2026-05-02 22:50:05');
INSERT INTO `job_initial_items` VALUES ('169', '26', 'weapon', '4', '1', '把', '2026-05-02 22:50:05', '2026-05-02 22:50:05');
INSERT INTO `job_initial_items` VALUES ('170', '26', 'material', '3', '20', '米', '2026-05-02 22:50:05', '2026-05-02 22:50:05');
INSERT INTO `job_initial_items` VALUES ('171', '26', 'item', '2', '1', '个', '2026-05-02 22:50:05', '2026-05-02 22:50:05');
INSERT INTO `job_initial_items` VALUES ('172', '26', 'material', '5', '2', 'kg', '2026-05-02 22:50:05', '2026-05-02 22:50:05');
INSERT INTO `job_initial_items` VALUES ('173', '26', 'material', '8', '5', 'kg', '2026-05-02 22:50:05', '2026-05-02 22:50:05');
INSERT INTO `job_initial_items` VALUES ('174', '26', 'material', '2', '50', 'kg', '2026-05-02 22:50:05', '2026-05-02 22:50:05');
INSERT INTO `job_initial_items` VALUES ('175', '26', 'material', '1', '10', 'kg', '2026-05-02 22:50:05', '2026-05-02 22:50:05');
INSERT INTO `job_initial_items` VALUES ('176', '27', 'weapon', '2', '1', '把', '2026-05-02 22:50:05', '2026-05-02 22:50:05');
INSERT INTO `job_initial_items` VALUES ('177', '27', 'ammo', '2', '4', '枚', '2026-05-02 22:50:05', '2026-05-02 22:50:05');
INSERT INTO `job_initial_items` VALUES ('178', '27', 'weapon', '4', '1', '把', '2026-05-02 22:50:05', '2026-05-02 22:50:05');
INSERT INTO `job_initial_items` VALUES ('179', '27', 'material', '3', '10', '米', '2026-05-02 22:50:05', '2026-05-02 22:50:05');
INSERT INTO `job_initial_items` VALUES ('180', '27', 'material', '5', '2', 'kg', '2026-05-02 22:50:05', '2026-05-02 22:50:05');
INSERT INTO `job_initial_items` VALUES ('181', '27', 'material', '8', '5', 'kg', '2026-05-02 22:50:05', '2026-05-02 22:50:05');
INSERT INTO `job_initial_items` VALUES ('182', '27', 'material', '2', '50', 'kg', '2026-05-02 22:50:05', '2026-05-02 22:50:05');
INSERT INTO `job_initial_items` VALUES ('183', '27', 'material', '1', '10', 'kg', '2026-05-02 22:50:05', '2026-05-02 22:50:05');
INSERT INTO `job_initial_items` VALUES ('184', '28', 'material', '3', '20', '米', '2026-05-02 22:50:05', '2026-05-02 22:50:05');
INSERT INTO `job_initial_items` VALUES ('185', '28', 'item', '2', '1', '个', '2026-05-02 22:50:05', '2026-05-02 22:50:05');
INSERT INTO `job_initial_items` VALUES ('186', '28', 'item', '4', '1', '个', '2026-05-02 22:50:05', '2026-05-02 22:50:05');
INSERT INTO `job_initial_items` VALUES ('187', '28', 'material', '5', '2', 'kg', '2026-05-02 22:50:05', '2026-05-02 22:50:05');
INSERT INTO `job_initial_items` VALUES ('188', '28', 'material', '8', '5', 'kg', '2026-05-02 22:50:05', '2026-05-02 22:50:05');
INSERT INTO `job_initial_items` VALUES ('189', '28', 'material', '2', '50', 'kg', '2026-05-02 22:50:05', '2026-05-02 22:50:05');
INSERT INTO `job_initial_items` VALUES ('190', '28', 'material', '1', '10', 'kg', '2026-05-02 22:50:05', '2026-05-02 22:50:05');
INSERT INTO `job_initial_items` VALUES ('191', '29', 'weapon', '8', '1', '把', '2026-05-02 22:50:05', '2026-05-02 22:50:05');
INSERT INTO `job_initial_items` VALUES ('192', '29', 'item', '2', '1', '个', '2026-05-02 22:50:05', '2026-05-02 22:50:05');
INSERT INTO `job_initial_items` VALUES ('193', '29', 'material', '3', '10', '米', '2026-05-02 22:50:05', '2026-05-02 22:50:05');
INSERT INTO `job_initial_items` VALUES ('194', '29', 'item', '13', '10', '支', '2026-05-02 22:50:05', '2026-05-02 22:50:05');
INSERT INTO `job_initial_items` VALUES ('195', '29', 'material', '5', '2', 'kg', '2026-05-02 22:50:05', '2026-05-02 22:50:05');
INSERT INTO `job_initial_items` VALUES ('196', '29', 'material', '8', '5', 'kg', '2026-05-02 22:50:05', '2026-05-02 22:50:05');
INSERT INTO `job_initial_items` VALUES ('197', '29', 'material', '2', '50', 'kg', '2026-05-02 22:50:05', '2026-05-02 22:50:05');
INSERT INTO `job_initial_items` VALUES ('198', '29', 'material', '1', '10', 'kg', '2026-05-02 22:50:05', '2026-05-02 22:50:05');
INSERT INTO `job_initial_items` VALUES ('199', '30', 'item', '16', '5', '支', '2026-05-02 22:50:05', '2026-05-02 22:50:05');
INSERT INTO `job_initial_items` VALUES ('200', '30', 'material', '8', '20', 'kg', '2026-05-02 22:50:05', '2026-05-02 22:50:05');
INSERT INTO `job_initial_items` VALUES ('201', '30', 'material', '9', '20', '米', '2026-05-02 22:50:05', '2026-05-02 22:50:05');
INSERT INTO `job_initial_items` VALUES ('202', '30', 'material', '5', '2', 'kg', '2026-05-02 22:50:05', '2026-05-02 22:50:05');
INSERT INTO `job_initial_items` VALUES ('203', '30', 'material', '2', '50', 'kg', '2026-05-02 22:50:05', '2026-05-02 22:50:05');
INSERT INTO `job_initial_items` VALUES ('204', '30', 'material', '1', '10', 'kg', '2026-05-02 22:50:05', '2026-05-02 22:50:05');
INSERT INTO `job_initial_items` VALUES ('205', '31', 'item', '13', '10', '支', '2026-05-02 22:50:05', '2026-05-02 22:50:05');
INSERT INTO `job_initial_items` VALUES ('206', '31', 'item', '15', '1', '盒', '2026-05-02 22:50:05', '2026-05-02 22:50:05');
INSERT INTO `job_initial_items` VALUES ('207', '31', 'material', '3', '10', '米', '2026-05-02 22:50:05', '2026-05-02 22:50:05');
INSERT INTO `job_initial_items` VALUES ('208', '31', 'item', '2', '1', '个', '2026-05-02 22:50:05', '2026-05-02 22:50:05');
INSERT INTO `job_initial_items` VALUES ('209', '31', 'material', '5', '2', 'kg', '2026-05-02 22:50:05', '2026-05-02 22:50:05');
INSERT INTO `job_initial_items` VALUES ('210', '31', 'material', '8', '5', 'kg', '2026-05-02 22:50:05', '2026-05-02 22:50:05');
INSERT INTO `job_initial_items` VALUES ('211', '31', 'material', '2', '50', 'kg', '2026-05-02 22:50:05', '2026-05-02 22:50:05');
INSERT INTO `job_initial_items` VALUES ('212', '31', 'material', '1', '10', 'kg', '2026-05-02 22:50:05', '2026-05-02 22:50:05');
INSERT INTO `job_initial_items` VALUES ('213', '32', 'item', '8', '2', '个', '2026-05-02 22:50:05', '2026-05-02 22:50:05');
INSERT INTO `job_initial_items` VALUES ('214', '32', 'item', '2', '1', '个', '2026-05-02 22:50:05', '2026-05-02 22:50:05');
INSERT INTO `job_initial_items` VALUES ('215', '32', 'material', '3', '10', '米', '2026-05-02 22:50:05', '2026-05-02 22:50:05');
INSERT INTO `job_initial_items` VALUES ('216', '32', 'material', '5', '2', 'kg', '2026-05-02 22:50:05', '2026-05-02 22:50:05');
INSERT INTO `job_initial_items` VALUES ('217', '32', 'material', '8', '5', 'kg', '2026-05-02 22:50:05', '2026-05-02 22:50:05');
INSERT INTO `job_initial_items` VALUES ('218', '32', 'material', '2', '50', 'kg', '2026-05-02 22:50:05', '2026-05-02 22:50:05');
INSERT INTO `job_initial_items` VALUES ('219', '32', 'material', '1', '10', 'kg', '2026-05-02 22:50:05', '2026-05-02 22:50:05');
INSERT INTO `job_initial_items` VALUES ('220', '33', 'item', '16', '5', '支', '2026-05-02 22:50:05', '2026-05-02 22:50:05');
INSERT INTO `job_initial_items` VALUES ('221', '33', 'item', '2', '1', '个', '2026-05-02 22:50:05', '2026-05-02 22:50:05');
INSERT INTO `job_initial_items` VALUES ('222', '33', 'material', '5', '2', 'kg', '2026-05-02 22:50:05', '2026-05-02 22:50:05');
INSERT INTO `job_initial_items` VALUES ('223', '33', 'material', '8', '5', 'kg', '2026-05-02 22:50:05', '2026-05-02 22:50:05');
INSERT INTO `job_initial_items` VALUES ('224', '33', 'material', '2', '50', 'kg', '2026-05-02 22:50:05', '2026-05-02 22:50:05');
INSERT INTO `job_initial_items` VALUES ('225', '33', 'material', '1', '10', 'kg', '2026-05-02 22:50:05', '2026-05-02 22:50:05');

-- ----------------------------
-- Table structure for location
-- ----------------------------
DROP TABLE IF EXISTS `location`;
CREATE TABLE `location` (
  `id` int(11) NOT NULL AUTO_INCREMENT,
  `name` varchar(50) NOT NULL COMMENT '地点名称',
  `area` varchar(20) NOT NULL COMMENT '所属区域：小镇/海岛/特殊',
  `description` text COMMENT '地点描述',
  `defense_value` int(11) NOT NULL DEFAULT '0' COMMENT '防御值',
  `management` varchar(100) DEFAULT NULL COMMENT '管理方',
  `order_number` int(11) NOT NULL DEFAULT '0' COMMENT '排序序号',
  `created_at` datetime DEFAULT CURRENT_TIMESTAMP,
  `updated_at` datetime DEFAULT CURRENT_TIMESTAMP ON UPDATE CURRENT_TIMESTAMP,
  PRIMARY KEY (`id`)
) ENGINE=InnoDB AUTO_INCREMENT=20 DEFAULT CHARSET=utf8mb4 COMMENT='地点表';

-- ----------------------------
-- Records of location
-- ----------------------------
INSERT INTO `location` VALUES ('1', '警察局', '小镇', '一座木铁混合结构的平房，瓦楞铁皮屋顶，外墙刷着褪色的白漆。门廊上挂着一盏摇曳的煤油灯，屋内有一张办公桌、一个档案柜和一间狭小的临时牢房。墙上贴着殖民地政府的告示和几张泛黄的通缉令。', '5', null, '1', '2026-05-14 16:32:12', '2026-05-14 16:32:12');
INSERT INTO `location` VALUES ('2', '镇长厅', '小镇', '两层殖民风格木楼，带有宽敞的阳台和百叶窗。楼下是办公室和接待室，楼上是行政长官的私人住所。墙上挂着英王乔治六世的肖像和殖民地地图。吊扇无力地转动着。', '5', null, '2', '2026-05-14 16:32:12', '2026-05-14 16:32:12');
INSERT INTO `location` VALUES ('3', '邮局', '小镇', '一间低矮的木屋，窗前挂着\"皇家邮政\"的铜牌。屋内满是油墨和纸张的气味，木制柜台后是分拣信件的格子和一台莫尔斯电报机。墙上贴着轮船班次表和邮票样张。', '3', null, '3', '2026-05-14 16:32:12', '2026-05-14 16:32:12');
INSERT INTO `location` VALUES ('4', '教堂', '小镇', '一座用珊瑚石和木材建造的小教堂，彩色玻璃窗描绘着基督与太平洋岛屿的景象。尖顶上的十字架在阳光下泛着白漆剥落后的斑驳。教堂内长椅简陋，但祭坛前摆着一架巨大的老旧管风琴，积满灰尘。', '4', null, '4', '2026-05-14 16:32:12', '2026-05-14 16:32:12');
INSERT INTO `location` VALUES ('5', '灯塔', '小镇', '矗立在小镇岬角的白色石塔，约20米高。顶部的菲涅尔透镜在夜间旋转，光束扫过海面。塔底是灯塔看守员的住所。', '7', null, '5', '2026-05-14 16:32:12', '2026-05-14 16:32:12');
INSERT INTO `location` VALUES ('6', '杂货店', '小镇', '一间堆满杂物的木板屋，从铁钉到糖果应有尽有，但货架已经半空。空气中弥漫着肥皂、腌鱼和煤油的味道。', '0', null, '6', '2026-05-14 16:32:12', '2026-05-14 16:32:12');
INSERT INTO `location` VALUES ('7', '码头', '小镇', '有着几间木质简陋房屋和用旧木桩搭建的简陋码头，停着几艘渔船和一艘锈迹斑斑的货船。海浪拍打着木桩，发出单调的响声。远处海平面阴沉沉的。', '3', null, '7', '2026-05-14 16:32:12', '2026-05-14 16:32:12');
INSERT INTO `location` VALUES ('8', '方舟', '小镇', '当方舟还未打造成功的那一刻，它更像一具尚未苏醒的骨架。你站在远处望去，最先撞入视线的是那略显粗糙的船头——弧度还不够圆润，几块硬木还露着刨花的毛茬，铜皮只包了一半，另一半用绳子临时捆着。甲板铺了两层，第三层的龙骨刚刚架起来，露出参差的肋木和没钉完的板缝。中间住人的舱室只有墙没有顶，阳光直直落进去，照见地上堆着的锯末和半截木尺；原本要种菜的顶层还空着，几捆芦苇杆斜靠在围栏上，等着编成遮棚。船尾的吊架竖起来了，但小艇还没挂上去，只有一副泡在水里的木架。帆布摊在甲板上，一个女人正低头缝着最后一道边，针脚歪歪扭扭。舵轮刚雕出个兽头的雏形，眼睛还没刻，嘴里衔着一截麻绳——绳的另一端系在岸边的树桩上，免得这半成品被水冲走。整条方舟静静泊在水湾里，随着波浪轻轻起伏，像个还没学会走路的孩子，笨拙，但让人看见力气。', '1', null, '8', '2026-05-14 16:32:12', '2026-05-14 16:32:12');
INSERT INTO `location` VALUES ('9', '旅店', '小镇', '两层木质建筑，一楼是嘈杂的公共酒廊，二楼是狭小的客房。壁炉里的火永远烧不旺，空气中弥漫着廉价朗姆酒、汗水和发霉地毯混合的气味。公告板上贴满了寻人启事和过期的船期表。', '2', null, '9', '2026-05-14 16:32:12', '2026-05-14 16:32:12');
INSERT INTO `location` VALUES ('10', '集市', '小镇', '镇中心的露天广场，只有零星几个木制摊位。平时冷冷清清，但当渔船归来或有补给船消息时，这里会短暂地热闹起来。', '0', null, '10', '2026-05-14 16:32:12', '2026-05-14 16:32:12');
INSERT INTO `location` VALUES ('11', '酒吧', '小镇', '码头边的一间木质房屋昏暗的空间，看着门板还很结实里面有几盏油灯。这里是渔夫和矿工买醉的地方，墙上刻满了粗鄙的涂鸦。角落里有一台破旧的留声机，吱呀呀地放着过时的爵士乐。', '3', null, '11', '2026-05-14 16:32:12', '2026-05-14 16:32:12');
INSERT INTO `location` VALUES ('12', '面包店', '小镇', '集市附近的木质结构店铺，后面是一个烘焙的石头屋子。进去这里倒是挺温暖的，里面有面包的香气。', '2', null, '12', '2026-05-14 16:32:12', '2026-05-14 16:32:12');
INSERT INTO `location` VALUES ('13', '气象观测站', '小镇', '小镇边缘的一座独立铁皮屋，屋顶有风速仪和天线。屋内摆满了精密的（虽然老旧）仪器和手绘的气象图。', '3', null, '13', '2026-05-14 16:32:12', '2026-05-14 16:32:12');
INSERT INTO `location` VALUES ('14', '教室', '小镇', '小教室的门半敞着，被海风吹得轻轻磕在门框上，发出沉闷的\"咚——咚——\"。阳光从破了一半的窗户斜射进来，照见地上东倒西歪的板凳，有几张翻倒了，桌腿朝天，像搁浅的螃蟹。天花板上的吊灯还在，灯泡却碎了，灯罩里塞着一团不知哪年哪月的鸟窝。透过那扇最大的窗户望去，能看见远处的码头和更远处的海——海还是那片海，只是教室里再也没有读书声了。', '2', null, '14', '2026-05-14 16:32:12', '2026-05-14 16:32:12');
INSERT INTO `location` VALUES ('15', '伐木营地', '海岛', '岛内森林边缘的一片空地，堆满了砍伐的原木，有一座简易的木屋和一台生锈的蒸汽拖拉机。地上满是木屑和树桩。', '4', null, '15', '2026-05-14 16:32:12', '2026-05-14 16:32:12');
INSERT INTO `location` VALUES ('16', '墓地', '海岛', '墓地很静，石碑像断掉的牙齿从荒草里斜伸出来。风扫过时，只有自己的脚步声在回应。', '5', null, '16', '2026-05-14 16:32:12', '2026-05-14 16:32:12');
INSERT INTO `location` VALUES ('17', '猎人小屋', '海岛', '森林深处的一座原木小屋，墙外挂着各种兽皮，屋内弥漫着熏肉和火药的味道。壁炉上挂着一支双管猎枪。', '3', null, '17', '2026-05-14 16:32:12', '2026-05-14 16:32:12');
INSERT INTO `location` VALUES ('18', '矿场', '特殊', '深入山腹的矿道与地面设施的综合体，包含管理室、矿场仓库和地下矿场。由统治者共同管理，是岛上最重要的资源产地和战略要地。', '10', '统治者共同管理', '18', '2026-05-14 16:32:12', '2026-05-14 16:32:12');
INSERT INTO `location` VALUES ('19', '监狱', '特殊', '小镇边缘的一座灰石建筑，铁门锈迹斑斑，窗户窄得像枪眼。门前挂着一盏永远不灭的煤油灯，灯下总坐着一个看守。里面是两排铁牢房，地上铺着发霉的稻草，墙角堆着脏得看不出颜色的毯子。墙上用木炭刻满了前囚犯的名字和诅咒，有些已经被重复刻了三四遍。空气里弥漫着尿骚味和铁锈味，偶尔有人敲一下铁栏杆，声音能传到半个镇子。', '8', '统治者共同管理，监狱长常驻', '19', '2026-05-14 16:32:12', '2026-05-14 16:32:12');

-- ----------------------------
-- Table structure for location_facility
-- ----------------------------
DROP TABLE IF EXISTS `location_facility`;
CREATE TABLE `location_facility` (
  `id` int(11) NOT NULL AUTO_INCREMENT,
  `location_id` int(11) NOT NULL COMMENT '关联地点ID',
  `name` varchar(100) NOT NULL COMMENT '设施名称',
  `description` text COMMENT '设施描述',
  `created_at` datetime DEFAULT CURRENT_TIMESTAMP,
  `updated_at` datetime DEFAULT CURRENT_TIMESTAMP ON UPDATE CURRENT_TIMESTAMP,
  PRIMARY KEY (`id`),
  KEY `location_id` (`location_id`),
  CONSTRAINT `location_facility_ibfk_1` FOREIGN KEY (`location_id`) REFERENCES `location` (`id`) ON DELETE CASCADE
) ENGINE=InnoDB AUTO_INCREMENT=22 DEFAULT CHARSET=utf8mb4 COMMENT='地点设施表';

-- ----------------------------
-- Records of location_facility
-- ----------------------------
INSERT INTO `location_facility` VALUES ('1', '1', '燃料仓', '一个巨大的铁皮储油罐，旁边是几排油桶。这里是全镇的能源命脉，由警察局派员看守。铁门上挂着大锁，周围拉着铁丝网。', '2026-05-14 16:32:12', '2026-05-14 16:32:12');
INSERT INTO `location_facility` VALUES ('2', '1', '发电机', '警察局配备的发电机组', '2026-05-14 16:32:12', '2026-05-14 16:32:12');
INSERT INTO `location_facility` VALUES ('3', '2', '镇武库仓库', '镇长厅内的武器库，存放着小镇的武装储备', '2026-05-14 16:32:12', '2026-05-14 16:32:12');
INSERT INTO `location_facility` VALUES ('4', '2', '发电机', '镇长厅配备的发电机组', '2026-05-14 16:32:12', '2026-05-14 16:32:12');
INSERT INTO `location_facility` VALUES ('5', '3', '电报机', '可以向外界发送信息的莫尔斯电报机', '2026-05-14 16:32:12', '2026-05-14 16:32:12');
INSERT INTO `location_facility` VALUES ('6', '7', '渔船×3', '三艘渔船，渔猎技能需要', '2026-05-14 16:32:12', '2026-05-14 16:32:12');
INSERT INTO `location_facility` VALUES ('7', '7', '码头集购仓', '需征求统治者同意，玩家可以询问统治者并购买物品', '2026-05-14 16:32:12', '2026-05-14 16:32:12');
INSERT INTO `location_facility` VALUES ('8', '7', '阿弗雷号', '轻型杂货船，总吨位约650吨，载重吨位约300吨，全长约42米，型宽约7米，吃水满载约4.2米，燃料30吨。配备螺旋桨2、发动机2、发电机1', '2026-05-14 16:32:12', '2026-05-14 16:32:12');
INSERT INTO `location_facility` VALUES ('9', '10', '行刑台', '统治者或者其他阵营可以在这里进行公开行刑行为', '2026-05-14 16:32:12', '2026-05-14 16:32:12');
INSERT INTO `location_facility` VALUES ('10', '12', '烘焙炉', '面包店后方的石头烘焙炉', '2026-05-14 16:32:12', '2026-05-14 16:32:12');
INSERT INTO `location_facility` VALUES ('11', '15', '木板蒸汽箱', '用于木材处理的蒸汽箱设备', '2026-05-14 16:32:12', '2026-05-14 16:32:12');
INSERT INTO `location_facility` VALUES ('12', '15', '拖拉机', '在伐木行动时辅助工作的蒸汽拖拉机', '2026-05-14 16:32:12', '2026-05-14 16:32:12');
INSERT INTO `location_facility` VALUES ('13', '15', '发电机', '伐木营地配备的发电机组', '2026-05-14 16:32:12', '2026-05-14 16:32:12');
INSERT INTO `location_facility` VALUES ('14', '16', '坟堆', '为了死者一个体面的后事', '2026-05-14 16:32:12', '2026-05-14 16:32:12');
INSERT INTO `location_facility` VALUES ('15', '18', '切石机', '矿场的石材切割设备', '2026-05-14 16:32:12', '2026-05-14 16:32:12');
INSERT INTO `location_facility` VALUES ('16', '18', '管理室', '矿场入口旁的木屋，里面有一张办公桌和一部电话（但线路已断）。墙上挂着矿井地图和工作安排表。', '2026-05-14 16:32:12', '2026-05-14 16:32:12');
INSERT INTO `location_facility` VALUES ('17', '18', '矿场仓库', '一个用厚木板搭建的棚屋，里面堆放着开采出来的矿石、工具和一些备用木材。门上挂着一把大锁。', '2026-05-14 16:32:12', '2026-05-14 16:32:12');
INSERT INTO `location_facility` VALUES ('18', '18', '地下矿场（避难所）', '深入山腹的矿道，墙壁上钉着木支架，每隔一段有一盏昏暗的油灯。深处被清理出一片空间，堆放着储备物资，这里就是计划中的\"避难所\"。', '2026-05-14 16:32:12', '2026-05-14 16:32:12');
INSERT INTO `location_facility` VALUES ('19', '19', '监牢×8', '地面上有着不明污渍的铁制监牢，看起来很牢固几乎不可能在空手情况下跑出去。里面关着几个人，听说是因为违反统治者被关起来了。', '2026-05-14 16:32:12', '2026-05-14 16:32:12');
INSERT INTO `location_facility` VALUES ('20', '19', '看守室', '内有桌子一张、煤油灯一盏、警棍一根', '2026-05-14 16:32:12', '2026-05-14 16:32:12');
INSERT INTO `location_facility` VALUES ('21', '19', '审讯椅', '铁制，带锁扣的审讯椅', '2026-05-14 16:32:12', '2026-05-14 16:32:12');

-- ----------------------------
-- Table structure for location_governance
-- ----------------------------
DROP TABLE IF EXISTS `location_governance`;
CREATE TABLE `location_governance` (
  `id` int(11) NOT NULL AUTO_INCREMENT,
  `actor_id` int(11) DEFAULT NULL,
  `actor_kind` varchar(10) DEFAULT NULL,
  `actor_name` varchar(50) DEFAULT NULL,
  `created_at` datetime(6) DEFAULT NULL,
  `game_day` int(11) NOT NULL,
  `location_id` int(11) NOT NULL,
  `location_name` varchar(100) DEFAULT NULL,
  `source_faction_action_id` int(11) DEFAULT NULL,
  PRIMARY KEY (`id`)
) ENGINE=InnoDB DEFAULT CHARSET=utf8;

-- ----------------------------
-- Records of location_governance
-- ----------------------------

-- ----------------------------
-- Table structure for location_npc
-- ----------------------------
DROP TABLE IF EXISTS `location_npc`;
CREATE TABLE `location_npc` (
  `id` int(11) NOT NULL AUTO_INCREMENT COMMENT 'NPC唯一标识符',
  `name` varchar(50) NOT NULL COMMENT 'NPC名字',
  `job` varchar(50) NOT NULL COMMENT 'NPC职业',
  `gender` enum('男','女') NOT NULL COMMENT '性别',
  `introduction` text COMMENT 'NPC介绍',
  `location_id` int(11) NOT NULL COMMENT '所在地点ID',
  `attitude_ruler` enum('喜好','厌恶','忽视') NOT NULL DEFAULT '忽视' COMMENT '对统治者的态度',
  `attitude_rebel` enum('喜好','厌恶','忽视') NOT NULL DEFAULT '忽视' COMMENT '对反叛者的态度',
  `attitude_adventurer` enum('喜好','厌恶','忽视') NOT NULL DEFAULT '忽视' COMMENT '对冒险者的态度',
  `attitude_scourge` enum('喜好','厌恶','忽视') NOT NULL DEFAULT '忽视' COMMENT '对天灾使者的态度',
  `created_at` datetime DEFAULT CURRENT_TIMESTAMP,
  `updated_at` datetime DEFAULT CURRENT_TIMESTAMP ON UPDATE CURRENT_TIMESTAMP,
  PRIMARY KEY (`id`),
  KEY `idx_location_id` (`location_id`),
  KEY `idx_job` (`job`),
  CONSTRAINT `fk_npc_location` FOREIGN KEY (`location_id`) REFERENCES `location` (`id`) ON DELETE CASCADE
) ENGINE=InnoDB AUTO_INCREMENT=12 DEFAULT CHARSET=utf8mb4 COMMENT='地点NPC表';

-- ----------------------------
-- Records of location_npc
-- ----------------------------
INSERT INTO `location_npc` VALUES ('1', '克拉拉·南丁格尔', '渔民', '女', '一位家中贫困的普通渔民，只希望镇上保持平静。', '7', '忽视', '忽视', '喜好', '厌恶', '2026-05-14 20:44:38', '2026-05-14 20:44:38');
INSERT INTO `location_npc` VALUES ('2', '杰克·塔克', '水手', '男', '曾在商船当水手，船沉后困在岛上，做梦都想再上一次船。', '7', '忽视', '厌恶', '喜好', '忽视', '2026-05-14 20:44:38', '2026-05-14 20:44:38');
INSERT INTO `location_npc` VALUES ('3', '鲍勃·塔克', '装卸工', '男', '一名一直在港口讨生活的搬运工。', '7', '喜好', '厌恶', '忽视', '忽视', '2026-05-14 20:44:38', '2026-05-20 09:44:33');
INSERT INTO `location_npc` VALUES ('4', '托马斯·伍德', '伐木工', '男', '沉默寡言的伐木工，靠砍树和做木工为生，只求安稳度日。', '15', '喜好', '厌恶', '忽视', '忽视', '2026-05-14 20:44:38', '2026-05-20 09:44:29');
INSERT INTO `location_npc` VALUES ('5', '卡尔·铁锤', '矿工', '男', '脾气火爆的矿场工人，谁给好处就帮谁。', '18', '喜好', '厌恶', '忽视', '厌恶', '2026-05-14 20:44:38', '2026-05-14 20:44:38');
INSERT INTO `location_npc` VALUES ('6', '维克多·斯通', '矿工', '男', '体格强壮的矿工，相信权力才是活下去的依靠。', '18', '喜好', '厌恶', '忽视', '厌恶', '2026-05-14 20:44:38', '2026-05-14 20:44:38');
INSERT INTO `location_npc` VALUES ('7', '塞缪尔·格雷', '农户', '男', '善良而质朴的普通农户，乐于帮助他人。', '10', '厌恶', '忽视', '喜好', '忽视', '2026-05-14 20:44:38', '2026-05-14 20:44:38');
INSERT INTO `location_npc` VALUES ('8', '弗雷德里克·波特', '农户', '男', '性格孤僻的，住在镇外，对别人的生死毫不在意。', '10', '厌恶', '喜好', '忽视', '忽视', '2026-05-14 20:44:38', '2026-05-14 20:44:38');
INSERT INTO `location_npc` VALUES ('9', '米玛·雷铁斯托', '手工艺人', '女', '老实本分的手工艺人，喜欢待在自己的小屋偶尔出门。', '10', '厌恶', '忽视', '喜好', '忽视', '2026-05-14 20:44:38', '2026-05-14 20:44:38');
INSERT INTO `location_npc` VALUES ('10', '汉斯·施密特', '工匠', '男', '什么都能修的工匠，从钟表到农具都难不倒他，只认工钱不认人。', '10', '喜好', '忽视', '忽视', '厌恶', '2026-05-14 20:44:38', '2026-05-14 20:44:38');
INSERT INTO `location_npc` VALUES ('11', '乔克·汤姆', '民兵', '男', '初始就跟着统治者干的监狱看守，一名很忠诚的下属。只是他有点小小的缺点，但统治者们也只能视而不见。', '19', '喜好', '厌恶', '忽视', '厌恶', '2026-05-14 20:44:39', '2026-05-14 20:44:39');

-- ----------------------------
-- Table structure for lore_player_grant
-- ----------------------------
DROP TABLE IF EXISTS `lore_player_grant`;
CREATE TABLE `lore_player_grant` (
  `id` bigint(20) NOT NULL AUTO_INCREMENT,
  `granted_at` datetime(6) NOT NULL,
  `lore_slug` varchar(64) NOT NULL,
  `player_id` int(11) NOT NULL,
  `viewed_at` datetime(6) DEFAULT NULL,
  PRIMARY KEY (`id`),
  UNIQUE KEY `UKlaw0cy4b373n89nvts9tmvsrh` (`player_id`,`lore_slug`)
) ENGINE=InnoDB DEFAULT CHARSET=utf8;

-- ----------------------------
-- Records of lore_player_grant
-- ----------------------------

-- ----------------------------
-- Table structure for material
-- ----------------------------
DROP TABLE IF EXISTS `material`;
CREATE TABLE `material` (
  `id` int(11) NOT NULL AUTO_INCREMENT,
  `name` varchar(50) NOT NULL,
  `unit` varchar(20) NOT NULL,
  `remark` text,
  `created_at` datetime NOT NULL DEFAULT CURRENT_TIMESTAMP,
  `updated_at` datetime NOT NULL DEFAULT CURRENT_TIMESTAMP ON UPDATE CURRENT_TIMESTAMP,
  PRIMARY KEY (`id`),
  UNIQUE KEY `name` (`name`)
) ENGINE=InnoDB AUTO_INCREMENT=13 DEFAULT CHARSET=utf8mb4;

-- ----------------------------
-- Records of material
-- ----------------------------
INSERT INTO `material` VALUES ('1', '金属制品', 'kg', '加工后的铁件、钉子、铁丝等金属材料。可用于锻造武器或工具，或修建设施的基础材料。', '2026-04-27 11:36:23', '2026-04-27 11:36:23');
INSERT INTO `material` VALUES ('2', '木材', 'kg', '从岛上砍伐的原木，未经过加工。可直接作为燃料（15kg/天取暖），或加工成木板用于建筑。', '2026-04-27 11:36:23', '2026-04-27 11:36:23');
INSERT INTO `material` VALUES ('3', '绳索', '米', '麻绳或钢丝绳，直径1-2厘米。用于捆绑、拖拽、登山或船只系泊。', '2026-04-27 11:36:23', '2026-04-27 11:36:23');
INSERT INTO `material` VALUES ('4', '木板', 'kg', '原木经蒸汽箱加工后的标准化板材。用于建造避难所、修理船只或制作家具，比原木更易使用。', '2026-04-27 11:36:23', '2026-04-27 11:36:23');
INSERT INTO `material` VALUES ('5', '食物', 'kg', '泛指各种可食用物资，包括面粉、鱼干、咸肉、土豆等。', '2026-04-27 11:36:23', '2026-05-16 12:00:00');
INSERT INTO `material` VALUES ('6', '沥青', 'kg', '黑色粘稠的石油残渣，桶装保存。可用于修补船体裂缝、防水处理或作为燃料。', '2026-04-27 11:36:23', '2026-04-27 11:36:23');
INSERT INTO `material` VALUES ('7', '石料', 'kg', '从采石场开采的岩石，大小不一。', '2026-04-27 11:36:23', '2026-04-27 11:36:23');
INSERT INTO `material` VALUES ('8', '燃料', '升', '统称可用于燃烧供能的物资，包括木柴、煤炭、燃料等。不同设备的燃料消耗标准不同，详见燃料消耗表。', '2026-04-27 11:36:23', '2026-05-17 00:00:00');
INSERT INTO `material` VALUES ('9', '帆布', '米', '厚实的亚麻或棉帆布，每卷宽1.5米。用于制作船帆、帐篷、防水布，或修补帆布类装备。', '2026-04-27 11:36:23', '2026-04-27 11:36:23');
INSERT INTO `material` VALUES ('10', '发动机', '个', '船用柴油发动机，方舟的核心动力设备，每台可使航行速度提升一档。', '2026-04-27 11:36:23', '2026-04-27 11:36:23');
INSERT INTO `material` VALUES ('11', '螺旋桨', '个', '三叶螺旋桨，直径1.5米。方舟推进装置，需与发动机配套使用，破损后可拆卸更换。', '2026-04-27 11:36:23', '2026-04-27 11:36:23');
INSERT INTO `material` VALUES ('12', '发电机', '个', '老旧柴油发电机，已闲置多年。可尝试修理后发电，为岛上提供有限电力，需持续消耗燃料。', '2026-04-27 11:36:23', '2026-04-27 11:36:23');

-- ----------------------------
-- Table structure for milestone
-- ----------------------------
DROP TABLE IF EXISTS `milestone`;
CREATE TABLE `milestone` (
  `id` int(11) NOT NULL AUTO_INCREMENT,
  `name` varchar(100) NOT NULL COMMENT '里程碑名称',
  `description` text NOT NULL COMMENT '里程碑描述',
  `is_completed` tinyint(1) DEFAULT '0' COMMENT '是否已完成',
  `completed_at` datetime DEFAULT NULL COMMENT '完成时间',
  `order_number` int(11) NOT NULL COMMENT '排序序号',
  `created_at` datetime DEFAULT CURRENT_TIMESTAMP COMMENT '创建时间',
  `updated_at` datetime DEFAULT CURRENT_TIMESTAMP ON UPDATE CURRENT_TIMESTAMP COMMENT '更新时间',
  PRIMARY KEY (`id`),
  UNIQUE KEY `uk_order` (`order_number`)
) ENGINE=InnoDB AUTO_INCREMENT=8 DEFAULT CHARSET=utf8mb4 COMMENT='反抗者里程碑表';

-- ----------------------------
-- Records of milestone
-- ----------------------------
INSERT INTO `milestone` VALUES ('1', '团结平民', '星星之火也可以燎原\r\n反抗者拥有一个初始协议书。\r\n反抗者应当与更多的玩家讨论，明确对方的特性，资源，加入阵营的意向，并且对其进行观察，辨别可能的内鬼。\r\n当包括初始反抗者在内的确认加入反抗者名单大于等于8人后（以签订了契约加入微信群聊为准，以死亡玩家应也计算在内），该里程碑事件完成。', '0', null, '1', '2026-05-14 10:40:18', '2026-05-22 05:26:34');
INSERT INTO `milestone` VALUES ('2', '解放我们的同伴', '铁窗锁不住自由的心。目前在监狱里面的同伴都是曾经为了我们的革命事业献出自由乃是生命的同志。所以解放他们对于我们来讲至关重要。解救身在监狱中的那些同伴，他们将继续加入你们，并点燃这个岛上平民心中对于自由的渴望。当同伴被解救出来，该里程碑事件完成。', '0', null, '2', '2026-05-14 10:40:18', '2026-05-22 05:26:32');
INSERT INTO `milestone` VALUES ('3', '我们不是生来就应该如此', '在统治者使用审判环节，若被审判人员为加入反抗者阵营中人。要尽力解救我们的同胞，避免让他被统治者所残害。当被审判的反抗者人员无罪释放，该里程碑事件完成。', '0', null, '3', '2026-05-14 10:40:18', '2026-05-19 13:49:54');
INSERT INTO `milestone` VALUES ('4', '反抗不是我们的目的，平等才是', '不给人活路，那就掀桌子。你们或联系任意你们信任的人。向统治者进行施压，要求调整劳工名单或者让统治者分配一定的资源给其他镇民。当该施压投票超过半数被统治者同意，该里程碑事件完成。', '0', null, '4', '2026-05-14 10:40:18', '2026-05-22 05:26:28');
INSERT INTO `milestone` VALUES ('5', '正义属于我们', '敌人的刀，也能转过来对着他们自己。有1名原本属于统治者阵营的玩家（或主持人控制的NPC）主动投靠反抗者，并提供信息或协助。该里程碑事件完成。', '0', null, '5', '2026-05-14 10:40:18', '2026-05-14 22:04:07');
INSERT INTO `milestone` VALUES ('6', '团结一切可以团结的力量', '那些外来人，要么帮忙，要么别挡道。至少1名冒险者身份的玩家公开承诺在革命日当天加入反抗者起义，或至少2名冒险者承诺保持中立（不帮统治者）。需以契约为证。完成上述条件后，该里程碑事件完成。', '0', null, '6', '2026-05-14 10:40:18', '2026-05-14 14:59:21');
INSERT INTO `milestone` VALUES ('7', '让人民觉醒', '第一条血债，就是最好的宣言。当第一次有玩家因为统治者的直接行为（审判、冲突，抓捕等，由主持人判定）死亡或重伤后，主持人会秘密告知反抗者阵营这条消息。得知消息后，反抗者在当晚的夜间回合一名反叛者可以花费一行动点发起一次匿名投票，向全体玩家问一个问题：“统治者是否草菅人命？”投票规则：匿名投票，每人一票。选项为“是”或“否”。如果投票人数超过玩家总数的一半，且其中同意“是”的票数多于“否”，该里程碑完成。', '0', null, '7', '2026-05-14 10:40:18', '2026-05-19 13:49:46');

-- ----------------------------
-- Table structure for milestone_player_status
-- ----------------------------
DROP TABLE IF EXISTS `milestone_player_status`;
CREATE TABLE `milestone_player_status` (
  `id` int(11) NOT NULL AUTO_INCREMENT,
  `player_id` int(11) NOT NULL COMMENT '玩家ID',
  `milestone_id` int(11) NOT NULL COMMENT '里程碑ID',
  `has_viewed` tinyint(1) DEFAULT '0' COMMENT '玩家是否已查看',
  `created_at` datetime DEFAULT CURRENT_TIMESTAMP COMMENT '创建时间',
  `updated_at` datetime DEFAULT CURRENT_TIMESTAMP ON UPDATE CURRENT_TIMESTAMP COMMENT '更新时间',
  PRIMARY KEY (`id`),
  UNIQUE KEY `uk_player_milestone` (`player_id`,`milestone_id`),
  KEY `milestone_id` (`milestone_id`),
  CONSTRAINT `milestone_player_status_ibfk_1` FOREIGN KEY (`milestone_id`) REFERENCES `milestone` (`id`) ON DELETE CASCADE
) ENGINE=InnoDB DEFAULT CHARSET=utf8mb4 COMMENT='玩家里程碑查看状态表';

-- ----------------------------
-- Records of milestone_player_status
-- ----------------------------

-- ----------------------------
-- Table structure for night_action
-- ----------------------------
DROP TABLE IF EXISTS `night_action`;
CREATE TABLE `night_action` (
  `id` int(11) NOT NULL AUTO_INCREMENT,
  `player_id` int(11) NOT NULL COMMENT '提交玩家ID',
  `player_name` varchar(50) DEFAULT NULL COMMENT '玩家名称快照',
  `faction` varchar(20) NOT NULL COMMENT '提交时阵营',
  `action_type` varchar(40) NOT NULL COMMENT '夜晚行动类型：night_personal_action/public_trial/conspiracy等',
  `payload` text COMMENT 'JSON输入数据',
  `result` text COMMENT '行动结果/DM结算',
  `status` enum('pending','feedbacked') NOT NULL DEFAULT 'pending' COMMENT '结算状态',
  `game_day` int(11) NOT NULL DEFAULT '1' COMMENT '游戏天数',
  `created_at` datetime DEFAULT CURRENT_TIMESTAMP,
  `updated_at` datetime DEFAULT CURRENT_TIMESTAMP ON UPDATE CURRENT_TIMESTAMP,
  PRIMARY KEY (`id`),
  KEY `idx_player_day` (`player_id`,`game_day`),
  KEY `idx_faction_day` (`faction`,`game_day`),
  KEY `idx_action_type` (`action_type`),
  KEY `idx_status` (`status`)
) ENGINE=InnoDB AUTO_INCREMENT=4 DEFAULT CHARSET=utf8mb4 COMMENT='夜晚行动表';

-- ----------------------------
-- Records of night_action
-- ----------------------------
INSERT INTO `night_action` VALUES ('2', '5', '艾米丽', '平民', 'other', '{\"note\":\"测试s\'s\'s\'s\'ssssss\"}', '✓ 已提交【其他】\n\n提交者：艾米丽\n备注：测试s\'s\'s\'s\'ssssss\n\n等待主持人在夜晚阶段结算。\n\n【夜晚结算】\n完成正确反馈', 'feedbacked', '1', '2026-05-20 15:17:46', '2026-05-20 15:20:28');
INSERT INTO `night_action` VALUES ('3', '1', '阿尔伯特', '统治者', 'public_trial', '{\"targetPlayerId\":6,\"note\":\"\"}', '✓ 已提交【公开审判】\n\n提交者：阿尔伯特\n审判对象：测试\n\n等待主持人在夜晚阶段结算。', 'pending', '1', '2026-05-21 16:05:22', '2026-05-21 16:05:22');

-- ----------------------------
-- Table structure for player
-- ----------------------------
DROP TABLE IF EXISTS `player`;
CREATE TABLE `player` (
  `id` int(11) NOT NULL AUTO_INCREMENT,
  `name` varchar(50) NOT NULL,
  `is_weak` tinyint(1) NOT NULL DEFAULT '0',
  `is_overworked` tinyint(1) NOT NULL DEFAULT '0',
  `is_injured` tinyint(1) NOT NULL DEFAULT '0',
  `is_severely_injured` tinyint(1) NOT NULL DEFAULT '0' COMMENT '重伤',
  `is_dead` tinyint(1) NOT NULL DEFAULT '0' COMMENT '死亡',
  `job_id` int(11) NOT NULL,
  `skill_id` int(11) DEFAULT NULL,
  `faction` enum('统治者','反叛者','冒险者','天灾使者','平民') NOT NULL,
  `created_at` datetime NOT NULL DEFAULT CURRENT_TIMESTAMP,
  `updated_at` datetime NOT NULL DEFAULT CURRENT_TIMESTAMP ON UPDATE CURRENT_TIMESTAMP,
  PRIMARY KEY (`id`),
  KEY `job_id` (`job_id`),
  KEY `skill_id` (`skill_id`),
  CONSTRAINT `player_ibfk_1` FOREIGN KEY (`job_id`) REFERENCES `job` (`id`),
  CONSTRAINT `player_ibfk_2` FOREIGN KEY (`skill_id`) REFERENCES `skill` (`id`)
) ENGINE=InnoDB AUTO_INCREMENT=8 DEFAULT CHARSET=utf8mb4;

-- ----------------------------
-- Records of player
-- ----------------------------
INSERT INTO `player` VALUES ('1', '阿尔伯特', '1', '0', '0', '0', '0', '1', '1', '统治者', '2026-04-26 22:13:35', '2026-05-20 10:23:00');
INSERT INTO `player` VALUES ('2', '莉莉丝', '1', '1', '1', '0', '0', '2', '2', '反叛者', '2026-04-26 22:13:35', '2026-05-20 10:23:00');
INSERT INTO `player` VALUES ('3', '罗宾', '1', '1', '0', '0', '0', '3', '3', '冒险者', '2026-04-26 22:13:35', '2026-05-20 08:11:23');
INSERT INTO `player` VALUES ('4', '亚瑟', '1', '0', '1', '0', '0', '4', '4', '天灾使者', '2026-04-26 22:13:35', '2026-05-20 10:23:00');
INSERT INTO `player` VALUES ('5', '艾米丽', '0', '1', '0', '0', '0', '8', '5', '平民', '2026-04-26 22:13:35', '2026-05-20 09:46:38');
INSERT INTO `player` VALUES ('6', '测试', '1', '1', '2', '0', '0', '2', '2', '平民', '2026-04-29 01:14:41', '2026-05-20 10:23:00');
INSERT INTO `player` VALUES ('7', '测试2', '0', '0', '0', '0', '0', '21', '15', '天灾使者', '2026-05-22 04:12:22', '2026-05-22 04:12:22');

-- ----------------------------
-- Table structure for player_action
-- ----------------------------
DROP TABLE IF EXISTS `player_action`;
CREATE TABLE `player_action` (
  `id` int(11) NOT NULL AUTO_INCREMENT,
  `player_id` int(11) NOT NULL COMMENT '行动玩家ID',
  `player_name` varchar(50) DEFAULT NULL COMMENT '玩家名称',
  `player_faction` varchar(20) DEFAULT NULL COMMENT '玩家阵营',
  `action_slot` tinyint(4) NOT NULL COMMENT '行动槽位(1或2)',
  `action_type` varchar(30) NOT NULL COMMENT '行动类型',
  `target_id` int(11) DEFAULT NULL COMMENT '目标ID(地点ID/玩家ID等)',
  `target_name` varchar(100) DEFAULT NULL COMMENT '目标名称',
  `npc_id` int(11) DEFAULT NULL COMMENT '互动NPC的ID',
  `npc_name` varchar(50) DEFAULT NULL COMMENT '互动NPC名称',
  `notes` text COMMENT '备注说明',
  `result` text COMMENT '行动结果',
  `status` enum('pending','feedbacked') NOT NULL DEFAULT 'pending' COMMENT '反馈状态',
  `feedback_published` tinyint(1) NOT NULL DEFAULT '0' COMMENT '是否已向玩家发布反馈',
  `game_day` int(11) NOT NULL DEFAULT '1' COMMENT '游戏天数',
  `created_at` datetime DEFAULT CURRENT_TIMESTAMP,
  `updated_at` datetime DEFAULT CURRENT_TIMESTAMP ON UPDATE CURRENT_TIMESTAMP,
  PRIMARY KEY (`id`),
  KEY `idx_player_id` (`player_id`),
  KEY `idx_action_type` (`action_type`),
  KEY `idx_status` (`status`),
  KEY `idx_game_day` (`game_day`),
  KEY `idx_player_day` (`player_id`,`game_day`)
) ENGINE=InnoDB AUTO_INCREMENT=19 DEFAULT CHARSET=utf8mb4 COMMENT='玩家行动表';

-- ----------------------------
-- Records of player_action
-- ----------------------------
INSERT INTO `player_action` VALUES ('15', '5', '艾米丽', '平民', '1', 'produce', null, null, null, null, '', '【生产】使用牲畜设施，获得食物15kg\n等待DM结算后物资将发放到您的背包中\n\n【生产结算】已获得石料 15kg', 'feedbacked', '1', '1', '2026-05-20 15:17:10', '2026-05-20 15:19:51');
INSERT INTO `player_action` VALUES ('16', '5', '艾米丽', '平民', '2', 'produce', null, null, null, null, '', '【生产】使用牲畜设施，获得食物15kg\n等待DM结算后物资将发放到您的背包中\n\n【生产结算】已获得石料 15kg', 'feedbacked', '1', '1', '2026-05-20 15:17:10', '2026-05-20 15:19:51');
INSERT INTO `player_action` VALUES ('17', '1', '阿尔伯特', '统治者', '1', 'investigate_player', '2', '莉莉丝', null, null, '', '等待DM反馈调查结果', 'pending', '0', '1', '2026-05-21 16:04:43', '2026-05-21 16:04:43');
INSERT INTO `player_action` VALUES ('18', '1', '阿尔伯特', '统治者', '2', 'hide', null, null, null, null, '', '【隐藏】您将进入隐藏状态，明天将无法被调查、私聊或成为统治者与密谋的行动目标', 'pending', '0', '1', '2026-05-21 16:04:44', '2026-05-21 16:04:44');

-- ----------------------------
-- Table structure for player_daily_consumption
-- ----------------------------
DROP TABLE IF EXISTS `player_daily_consumption`;
CREATE TABLE `player_daily_consumption` (
  `id` int(11) NOT NULL AUTO_INCREMENT,
  `player_id` int(11) NOT NULL,
  `game_day` int(11) NOT NULL,
  `required_food_units` int(11) NOT NULL DEFAULT '2',
  `required_fuel_kg` int(11) NOT NULL DEFAULT '15',
  `consumed_food_units` int(11) NOT NULL DEFAULT '0',
  `consumed_fuel_kg` int(11) NOT NULL DEFAULT '0',
  `fuel_from_wood_kg` int(11) NOT NULL DEFAULT '0',
  `fuel_from_fuel_kg` int(11) NOT NULL DEFAULT '0',
  `submitted` tinyint(1) NOT NULL DEFAULT '0',
  `created_at` datetime NOT NULL DEFAULT CURRENT_TIMESTAMP,
  `updated_at` datetime NOT NULL DEFAULT CURRENT_TIMESTAMP ON UPDATE CURRENT_TIMESTAMP,
  PRIMARY KEY (`id`),
  UNIQUE KEY `uk_player_day` (`player_id`,`game_day`),
  KEY `idx_game_day` (`game_day`),
  CONSTRAINT `player_daily_consumption_ibfk_1` FOREIGN KEY (`player_id`) REFERENCES `player` (`id`)
) ENGINE=InnoDB AUTO_INCREMENT=3 DEFAULT CHARSET=utf8mb4 COMMENT='玩家每日进食与取暖消耗记录';

-- ----------------------------
-- Records of player_daily_consumption
-- ----------------------------
INSERT INTO `player_daily_consumption` VALUES ('1', '5', '1', '2', '15', '2', '15', '15', '0', '1', '2026-05-20 10:22:02', '2026-05-20 10:22:02');
INSERT INTO `player_daily_consumption` VALUES ('2', '1', '1', '2', '15', '2', '15', '0', '1', '1', '2026-05-20 11:42:22', '2026-05-20 11:42:22');

-- ----------------------------
-- Table structure for player_items
-- ----------------------------
DROP TABLE IF EXISTS `player_items`;
CREATE TABLE `player_items` (
  `id` int(11) NOT NULL AUTO_INCREMENT,
  `player_id` int(11) NOT NULL,
  `item_type` enum('item','weapon','ammo','material') NOT NULL,
  `item_id` int(11) NOT NULL,
  `quantity` int(11) NOT NULL DEFAULT '0',
  `created_at` datetime NOT NULL DEFAULT CURRENT_TIMESTAMP,
  `updated_at` datetime NOT NULL DEFAULT CURRENT_TIMESTAMP ON UPDATE CURRENT_TIMESTAMP,
  PRIMARY KEY (`id`),
  KEY `idx_player_type_item` (`player_id`,`item_type`,`item_id`),
  KEY `idx_player_type` (`player_id`,`item_type`),
  CONSTRAINT `player_items_ibfk_1` FOREIGN KEY (`player_id`) REFERENCES `player` (`id`)
) ENGINE=InnoDB AUTO_INCREMENT=71 DEFAULT CHARSET=utf8mb4;

-- ----------------------------
-- Records of player_items
-- ----------------------------
INSERT INTO `player_items` VALUES ('1', '1', 'item', '1', '2', '2026-04-27 11:36:23', '2026-05-02 17:09:47');
INSERT INTO `player_items` VALUES ('2', '1', 'item', '2', '1', '2026-04-27 11:36:23', '2026-04-27 11:36:23');
INSERT INTO `player_items` VALUES ('3', '1', 'item', '5', '1', '2026-04-27 11:36:23', '2026-04-27 11:36:23');
INSERT INTO `player_items` VALUES ('4', '1', 'weapon', '1', '1', '2026-04-27 11:36:23', '2026-04-27 11:36:23');
INSERT INTO `player_items` VALUES ('5', '1', 'weapon', '3', '1', '2026-04-27 11:36:23', '2026-04-27 11:36:23');
INSERT INTO `player_items` VALUES ('6', '1', 'ammo', '1', '30', '2026-04-27 11:36:23', '2026-04-27 11:36:23');
INSERT INTO `player_items` VALUES ('7', '1', 'material', '1', '5', '2026-04-27 11:36:23', '2026-04-27 11:36:23');
INSERT INTO `player_items` VALUES ('8', '1', 'material', '2', '10', '2026-04-27 11:36:23', '2026-04-27 11:36:23');
INSERT INTO `player_items` VALUES ('9', '2', 'item', '4', '2', '2026-04-27 11:36:23', '2026-04-27 11:36:23');
INSERT INTO `player_items` VALUES ('10', '2', 'item', '7', '1', '2026-04-27 11:36:23', '2026-04-27 11:36:23');
INSERT INTO `player_items` VALUES ('11', '2', 'weapon', '2', '1', '2026-04-27 11:36:23', '2026-04-27 11:36:23');
INSERT INTO `player_items` VALUES ('12', '2', 'weapon', '6', '1', '2026-04-27 11:36:23', '2026-04-27 11:36:23');
INSERT INTO `player_items` VALUES ('13', '2', 'ammo', '2', '10', '2026-04-27 11:36:23', '2026-04-27 11:36:23');
INSERT INTO `player_items` VALUES ('14', '2', 'ammo', '3', '5', '2026-04-27 11:36:23', '2026-04-27 11:36:23');
INSERT INTO `player_items` VALUES ('15', '2', 'material', '3', '20', '2026-04-27 11:36:23', '2026-04-27 11:36:23');
INSERT INTO `player_items` VALUES ('17', '3', 'item', '8', '1', '2026-04-27 11:36:23', '2026-04-27 11:36:23');
INSERT INTO `player_items` VALUES ('18', '3', 'item', '10', '2', '2026-04-27 11:36:23', '2026-04-27 11:36:23');
INSERT INTO `player_items` VALUES ('19', '3', 'weapon', '4', '1', '2026-04-27 11:36:23', '2026-04-27 11:36:23');
INSERT INTO `player_items` VALUES ('20', '3', 'weapon', '8', '1', '2026-04-27 11:36:23', '2026-04-27 11:36:23');
INSERT INTO `player_items` VALUES ('21', '3', 'material', '4', '15', '2026-04-27 11:36:23', '2026-04-27 11:36:23');
INSERT INTO `player_items` VALUES ('22', '3', 'material', '6', '65', '2026-04-27 11:36:23', '2026-05-19 18:20:12');
INSERT INTO `player_items` VALUES ('23', '3', 'material', '9', '10', '2026-04-27 11:36:23', '2026-04-27 11:36:23');
INSERT INTO `player_items` VALUES ('24', '4', 'item', '3', '1', '2026-04-27 11:36:23', '2026-04-27 11:36:23');
INSERT INTO `player_items` VALUES ('25', '4', 'item', '12', '1', '2026-04-27 11:36:23', '2026-04-27 11:36:23');
INSERT INTO `player_items` VALUES ('26', '4', 'weapon', '5', '1', '2026-04-27 11:36:23', '2026-04-27 11:36:23');
INSERT INTO `player_items` VALUES ('27', '4', 'weapon', '7', '1', '2026-04-27 11:36:23', '2026-04-27 11:36:23');
INSERT INTO `player_items` VALUES ('28', '4', 'ammo', '4', '20', '2026-04-27 11:36:23', '2026-04-27 11:36:23');
INSERT INTO `player_items` VALUES ('29', '4', 'material', '7', '20', '2026-04-27 11:36:23', '2026-04-27 11:36:23');
INSERT INTO `player_items` VALUES ('30', '4', 'material', '8', '10', '2026-04-27 11:36:23', '2026-04-27 11:36:23');
INSERT INTO `player_items` VALUES ('31', '5', 'item', '6', '1', '2026-04-27 11:36:23', '2026-04-27 11:36:23');
INSERT INTO `player_items` VALUES ('32', '5', 'item', '14', '1', '2026-04-27 11:36:23', '2026-04-27 11:36:23');
INSERT INTO `player_items` VALUES ('33', '5', 'weapon', '9', '1', '2026-04-27 11:36:23', '2026-04-27 11:36:23');
INSERT INTO `player_items` VALUES ('34', '5', 'weapon', '10', '1', '2026-04-27 11:36:23', '2026-04-27 11:36:23');
INSERT INTO `player_items` VALUES ('35', '5', 'material', '10', '1', '2026-04-27 11:36:23', '2026-04-27 11:36:23');
INSERT INTO `player_items` VALUES ('36', '5', 'material', '11', '1', '2026-04-27 11:36:23', '2026-04-27 11:36:23');
INSERT INTO `player_items` VALUES ('37', '5', 'material', '12', '1', '2026-04-27 11:36:23', '2026-04-27 11:36:23');
INSERT INTO `player_items` VALUES ('38', '1', 'material', '5', '4', '2026-05-01 10:54:53', '2026-05-20 15:19:14');
INSERT INTO `player_items` VALUES ('39', '4', 'item', '24', '1', '2026-05-14 21:53:29', '2026-05-14 21:53:29');
INSERT INTO `player_items` VALUES ('40', '4', 'item', '23', '1', '2026-05-14 21:54:25', '2026-05-14 21:54:25');
INSERT INTO `player_items` VALUES ('41', '1', 'material', '8', '10', '2026-05-15 11:03:26', '2026-05-20 15:19:14');
INSERT INTO `player_items` VALUES ('42', '4', 'material', '2', '5', '2026-05-15 12:33:01', '2026-05-15 12:33:01');
INSERT INTO `player_items` VALUES ('43', '1', 'item', '19', '1', '2026-05-16 10:00:00', '2026-05-16 10:00:00');
INSERT INTO `player_items` VALUES ('44', '1', 'item', '20', '1', '2026-05-16 10:00:00', '2026-05-16 10:00:00');
INSERT INTO `player_items` VALUES ('45', '1', 'item', '21', '1', '2026-05-16 10:00:00', '2026-05-16 10:00:00');
INSERT INTO `player_items` VALUES ('46', '1', 'item', '22', '1', '2026-05-16 10:00:00', '2026-05-16 10:00:00');
INSERT INTO `player_items` VALUES ('47', '1', 'item', '23', '1', '2026-05-16 10:00:00', '2026-05-16 10:00:00');
INSERT INTO `player_items` VALUES ('48', '1', 'item', '24', '1', '2026-05-16 10:00:00', '2026-05-16 10:00:00');
INSERT INTO `player_items` VALUES ('49', '3', 'item', '24', '1', '2026-05-19 15:10:58', '2026-05-19 15:11:25');
INSERT INTO `player_items` VALUES ('54', '3', 'material', '1', '9000', '2026-05-19 15:20:22', '2026-05-19 21:56:33');
INSERT INTO `player_items` VALUES ('56', '5', 'material', '5', '34', '2026-05-20 10:21:28', '2026-05-20 15:19:35');
INSERT INTO `player_items` VALUES ('57', '5', 'material', '8', '14', '2026-05-20 10:21:42', '2026-05-20 15:18:53');
INSERT INTO `player_items` VALUES ('58', '7', 'item', '10', '10', '2026-05-22 04:12:21', '2026-05-22 04:12:21');
INSERT INTO `player_items` VALUES ('59', '7', 'item', '16', '5', '2026-05-22 04:12:21', '2026-05-22 04:12:21');
INSERT INTO `player_items` VALUES ('60', '7', 'weapon', '2', '2', '2026-05-22 04:12:21', '2026-05-22 04:12:21');
INSERT INTO `player_items` VALUES ('61', '7', 'weapon', '8', '2', '2026-05-22 04:12:21', '2026-05-22 04:12:21');
INSERT INTO `player_items` VALUES ('62', '7', 'weapon', '9', '2', '2026-05-22 04:12:21', '2026-05-22 04:12:21');
INSERT INTO `player_items` VALUES ('63', '7', 'ammo', '2', '4', '2026-05-22 04:12:21', '2026-05-22 04:12:21');
INSERT INTO `player_items` VALUES ('64', '7', 'material', '1', '40', '2026-05-22 04:12:21', '2026-05-22 04:12:21');
INSERT INTO `player_items` VALUES ('65', '7', 'material', '2', '350', '2026-05-22 04:12:21', '2026-05-22 04:12:21');
INSERT INTO `player_items` VALUES ('66', '7', 'material', '3', '100', '2026-05-22 04:12:21', '2026-05-22 04:12:21');
INSERT INTO `player_items` VALUES ('67', '7', 'material', '5', '23', '2026-05-22 04:12:21', '2026-05-22 04:12:21');
INSERT INTO `player_items` VALUES ('68', '7', 'material', '6', '30', '2026-05-22 04:12:21', '2026-05-22 04:12:21');
INSERT INTO `player_items` VALUES ('69', '7', 'material', '8', '35', '2026-05-22 04:12:21', '2026-05-22 04:12:21');
INSERT INTO `player_items` VALUES ('70', '7', 'material', '9', '30', '2026-05-22 04:12:21', '2026-05-22 04:12:21');

-- ----------------------------
-- Table structure for player_stealth
-- ----------------------------
DROP TABLE IF EXISTS `player_stealth`;
CREATE TABLE `player_stealth` (
  `id` int(11) NOT NULL AUTO_INCREMENT,
  `player_id` int(11) NOT NULL COMMENT '玩家ID',
  `player_name` varchar(50) DEFAULT NULL COMMENT '玩家名称',
  `game_day` int(11) NOT NULL COMMENT '潜行生效的天数',
  `source_action_id` int(11) DEFAULT NULL COMMENT '来源行动ID',
  `created_at` datetime DEFAULT CURRENT_TIMESTAMP,
  PRIMARY KEY (`id`),
  UNIQUE KEY `uk_player_day` (`player_id`,`game_day`),
  KEY `idx_game_day` (`game_day`)
) ENGINE=InnoDB DEFAULT CHARSET=utf8mb4 COMMENT='玩家潜行状态表';

-- ----------------------------
-- Records of player_stealth
-- ----------------------------

-- ----------------------------
-- Table structure for quick_interaction
-- ----------------------------
DROP TABLE IF EXISTS `quick_interaction`;
CREATE TABLE `quick_interaction` (
  `id` int(11) NOT NULL AUTO_INCREMENT,
  `content` text NOT NULL,
  `created_at` datetime(6) DEFAULT NULL,
  `dm_reply` text,
  `faction` varchar(20) NOT NULL,
  `game_day` int(11) NOT NULL,
  `interaction_type` varchar(30) NOT NULL,
  `player_id` int(11) NOT NULL,
  `player_name` varchar(50) DEFAULT NULL,
  `replied_at` datetime(6) DEFAULT NULL,
  `status` varchar(20) NOT NULL,
  `updated_at` datetime(6) DEFAULT NULL,
  PRIMARY KEY (`id`)
) ENGINE=InnoDB AUTO_INCREMENT=2 DEFAULT CHARSET=utf8;

-- ----------------------------
-- Records of quick_interaction
-- ----------------------------
INSERT INTO `quick_interaction` VALUES ('1', 'dm请问测试测试', '2026-05-20 15:17:58.643000', '1', '平民', '1', 'ask_dm', '5', '艾米丽', '2026-05-20 15:23:43.156000', 'replied', '2026-05-20 15:23:43.156000');

-- ----------------------------
-- Table structure for rule_book
-- ----------------------------
DROP TABLE IF EXISTS `rule_book`;
CREATE TABLE `rule_book` (
  `id` int(11) NOT NULL AUTO_INCREMENT,
  `content` text,
  `created_at` datetime(6) DEFAULT NULL,
  `order_num` int(11) NOT NULL,
  `section` varchar(50) NOT NULL,
  `title` varchar(100) NOT NULL,
  `updated_at` datetime(6) DEFAULT NULL,
  PRIMARY KEY (`id`)
) ENGINE=InnoDB AUTO_INCREMENT=156 DEFAULT CHARSET=utf8;

-- ----------------------------
-- Records of rule_book
-- ----------------------------
INSERT INTO `rule_book` VALUES ('130', '一、白天自由行动（6:00-7:00）\r\n所有玩家选择两项自由行动。\r\n\r\n1.前往地点：选择一个地点进行探索，可以获得对应地点的信息（可能的资源信息取决于设施），防御值，NPC名单。同时可以选择使用非上锁的设施和地点NPC简单交互。\r\n在第一天开始时会在自己的家内醒来，会知道自己所在地点的信息。\r\n\r\n2.调查玩家：选择一玩家，知晓对方的自由行动，1/2概率获知阵营行动，无法调查潜行技能玩家。无法调查昨天隐藏行动玩家。\r\n\r\n3.生产：根据职业技能生产对应资源。\r\n\r\n4.使用特性：使用需要行动点的特性。\r\n\r\n5.使用职业技能：使用可能的职业技能。如果没有标有行动的技能不需要玩家行动就可以执行。\r\n\r\n6.隐藏：隐藏起自己，第二天不会被调查，也无法被私聊，无法成为统治者与密谋的行动目标。\r\n\r\n7.搬运：将物品从仓库移动到仓库或从仓库移动到自身，自身物品存放仓库不消耗行动点。\r\n\r\n二、主持人整理与反馈行动\r\n1.在8:00前结算\"调查\"、\"特性\"、\"职业技能\"、\"调查玩家\"。\r\n2.结算\"生产\"', null, '1', '每日游戏流程', '每日游戏流程', null);
INSERT INTO `rule_book` VALUES ('131', '白天自由行动（6:00-7:00）\r\n所有玩家选择两项自由行动。\r\n\r\n1.前往地点：选择一个地点进行探索，可以获得对应地点的信息（可能的资源信息取决于设施），防御值，NPC名单。同时可以选择使用非上锁的设施和地点NPC简单交互。\r\n在第一天开始时会在自己的家内醒来，会知道自己所在地点的信息。\r\n\r\n2.调查玩家：选择一玩家，知晓对方的自由行动，1/2概率获知阵营行动，无法调查潜行技能玩家。无法调查昨天隐藏行动玩家。\r\n\r\n3.生产：根据职业技能生产对应资源。\r\n\r\n4.使用特性：使用需要行动点的特性。\r\n\r\n5.使用职业技能：使用可能的职业技能。如果没有标有行动的技能不需要玩家行动就可以执行。\r\n\r\n6.隐藏：隐藏起自己，第二天不会被调查，也无法被私聊，无法成为统治者与密谋的行动目标。\r\n\r\n7.搬运：将物品从仓库移动到仓库或从仓库移动到自身，自身物品存放仓库不消耗行动点。\r\n\r\n主持人整理与反馈行动\r\n1.在8:00前结算\"调查\"、\"特性\"、\"职业技能\"、\"调查玩家\"。\r\n2.结算\"生产\"', null, '2', '自由行动', '白天自由行动', null);
INSERT INTO `rule_book` VALUES ('132', '自由讨论（5:00开始）\r\n在这个时间段开放地点语音频道，任何玩家可以自由选择频道进行语音讨论。\r\n\r\n自由讨论规则\r\n1.尽可能使用语音或者小群。\r\n2.如达成\"协议\"，需告知主持人，使得\"协议\"技能或使用协议书生效。\r\n3.禁止在此阶段进行任何的场外录音行为。', null, '3', '自由讨论', '自由讨论', null);
INSERT INTO `rule_book` VALUES ('133', '协议——某些讨论的结果需要告知主持人\r\n\r\n1.加入阵营：一位玩家接受另一位所属阵营的玩家的邀请，并加入阵营群。这种情况非初始阵营玩家可能背叛。\r\n\r\n2.契约协议：两位或多位玩家在群聊或者kook频道都在场的的情况下，达成合作的意向与合作目标，并由其中一位玩家与女巫沟通（需要女巫在场并且同意），完成契约协议，或者使用协议书。如果违反协议内容，则会受到严苛的惩罚（由女巫或协议书使用者决定）。契约协议必须是一个完整的句子，不能是多条不相干的内容。每人每天最多签订一个契约。\r\n只有女巫（男巫）可以签订契约，若不使用协议书签订内容会被公开。但只公开内容不公开谁签订的契约。\r\n\r\n3.物品交换：两位或多位玩家交换物品。\r\n\r\n4.冒险者、反抗者、统治者阵营初始拥有1个协议书。\r\n\r\n什么不是协议？\r\n1.信息讨论：职业、拥有物品、行为、线索等等信息都不是协议。\r\n2.口头协作：两位或多位玩家达成合作的意向，临时加入阵营。', null, '4', '协议', '协议', null);
INSERT INTO `rule_book` VALUES ('134', '夜间阶段（8:00到所有结算完毕）\r\n\r\n在该阶段，阵营玩家的行动与可能的暴力冲突根据其顺序结算，而无关的玩家可以继续进行自由讨论。\r\n\r\n1.玩家默认所在地点在自己家中，去往别的地点过夜需要告知主持人，不消耗行动点。\r\n2.主持人计算可能的冲突，并确认是否发生阵营行动与暴力冲突。\r\n3.结算阵营行动与暴力冲突。\r\n4.统治者公布第二天劳工名单。\r\n5.阵营告示可能的公开信息。\r\n6.主持人公开可以公开的夜间阶段总结信息。\r\n7.消耗与燃料食物。\r\n8.结算所有资源与设施情况。\r\n\r\n详细和补充规则见\"夜间结算阶段规则\"。', null, '5', '夜间阶段', '夜间阶段', null);
INSERT INTO `rule_book` VALUES ('135', '一、群组\r\n1.四个阵营组建微信群组，可以在任意时间段自由讨论。如果在自由讨论阶段平民明确加入阵营并签订协议，通知主持人并拉入对应阵营群聊。\r\n2.所有的暴力冲突由主持人拉冲突参与者建小群，冲突结束后解散。\r\n3.所有人都在的微信群在游戏开始后禁止讨论。\r\n\r\n二、kook语音频道\r\n自由讨论阶段的语音频道，由玩家自主组织。\r\n\r\n三、kook公屏（集市）\r\n自由讨论阶段的文字频道，记住文字频道会留下记录，谨慎讨论。\r\n\r\n四、kook留言板\r\n在游戏中，统治者与冒险者可以在该频道发布信息，例如招募、资源征集等等。\r\n\r\n禁止一切形式的私自拉群行为。', null, '6', '群组与交流', '群组与交流', null);
INSERT INTO `rule_book` VALUES ('136', '资源交换：核心原则\r\n\r\n1.自由自主的交换：玩家间交易遵旨自愿、自由、自主的原则。玩家可以在任何可能的交流场景达成资源交换的意图。所有交换双方是自愿、自由的。\r\n\r\n2.见证人：所有资源交换需要告知主持人，由主持人见证确保双方资源交换属实，只需要告知一下就可以。\r\n\r\n3.信息不对称：交换双方对资源真实价值、稀缺度和自身需求的信息不同。\r\n\r\n4.物资交换登记：交换任意一方需在网站页面上填写对应的物资数量，并发给主持人对应交易的kook截屏即为物资交换完成。\r\n\r\n参考\r\n- 摆摊：玩家可在KOOK公屏（集市）发布文字信息。发布[求购]急需医疗包，可用木材或情报交换。\r\n- 公开拍卖：统治者或拥有大量资源的玩家可发起资源出售，自由设定商品单与交易形式。', null, '7', '资源交换', '资源交换', null);
INSERT INTO `rule_book` VALUES ('137', '一、玩家与玩家仓库资源转移\r\n在夜晚阶段自由交换，但是需告知主持人。\r\n\r\n二、玩家与仓库资源转移\r\n- 小镇内地点转移：一人一天不影响玩家行动的情况下50kg，跳过玩家行动300kg。\r\n- 岛屿地点转移：一人一天不影响玩家行动的情况下30kg，跳过玩家行动300kg。\r\n\r\n三、仓库与仓库资源转移\r\n- 小镇内地点：一人一天不影响玩家行动的情况下100kg，跳过玩家行动可以搬运500kg。不同的载具可以额外增加搬运量。\r\n- 岛屿地点：一人一天不影响玩家行动的情况下50kg。跳过玩家行动可以搬运300kg。不同的载具可以额外增加搬运量。\r\n\r\n四、生产资源原则\r\n- 自主原则：在网站行动选择哪个行动进行生产。\r\n- 强迫原则：如果因其他玩家强迫行动生产，被强迫方可以告知主持人，将生产资源添加到自己的仓库。', null, '8', '资源移动', '资源移动', null);
INSERT INTO `rule_book` VALUES ('138', '一、计算总战力\r\n总战力 = 参战人数 + 武器威胁值之和 + 地点防御值（仅有守方）+ 技能/特性加成\r\n- 技能加成：格斗使用近战武器/射击使用远程武器 +1\r\n- 地点防御值：守方直接加在总战力里。攻方不加地点防御值。\r\n- 防弹衣/盾：不加战力，用于抵消受伤。物品效果查看物品栏。\r\n每人只能携带一件武器和两件防具参加战斗。\r\n\r\n二、最终攻击力判定\r\n- 攻方最终战力 = 攻方总战力 + 1d4\r\n- 守方最终战力 = 守方总战力 + 1d4\r\n- 差值 = 攻方最终 - 守方最终\r\n\r\n三、根据差值决定结果\r\n差值 ≥ 5：大胜——攻方无伤，守方1人死亡其余受伤\r\n差值 3-4：胜利——攻方无伤，守方1-2人重伤其余受伤\r\n差值 1-2：小胜——攻方无伤，守方全部受伤\r\n差值 0：僵持——双方各1人受伤\r\n差值 -1～-2：小败——攻方全部受伤，守方无伤\r\n差值 -3～-4：失败——攻方1-2人重伤其余受伤，守方无伤\r\n差值 ≤ -5：大败——攻方1人死亡其余受伤，守方无伤\r\n\r\n四、特殊规则\r\n- 在无远程武器的情况下，重伤和受伤标记会在手持近战武器的人员中随机给予。\r\n- 在有远程武器的情况下，重伤和受伤标记在全体人员中随机给予。\r\n- 在失败/胜利情况下1-2人重伤是看1d6骰子的出目，1-3为一人重伤，4-6为两人重伤。\r\n- 战败方掉落全体（每个人）的最高威胁值物品，受伤以及重伤玩家会被己方阵营带走。', null, '9', '战斗规则', '战斗规则', null);
INSERT INTO `rule_book` VALUES ('139', '一、状态说明\r\n- 受伤：获得\"受伤\"标记（无法生产，格斗无效），可被医疗消除。\r\n- 重伤：获得\"重伤\"标记（无法行动，每夜阶段结束时若不急救则死亡）。急救消耗5医疗资源，将重伤转为受伤。\r\n- 死亡：直接移除角色。\r\n\r\n二、战斗事例\r\n示例1（1v1）\r\n攻方1人（步枪4），守方1人（手枪2，地点防御2）\r\n攻方总战力=1+4=5，守方=1+2+2=5\r\n掷骰：攻方3→8，守方1→6，D=2 → 小胜\r\n结果：守方受伤（倒地），攻方无伤。\r\n\r\n示例2（多人，大胜）\r\n攻方5人，武器威胁和=15，守方2人，武器威胁和=4，地点防御3\r\n攻方战力=5+15=20，守方=2+4+3=9\r\n攻方掷4→24，守方掷1→10，D=14 ≥5 → 大胜\r\n结果：守方1人死亡，另1人受伤。攻方无伤。', null, '10', '伤亡规则', '伤亡规则', null);
INSERT INTO `rule_book` VALUES ('140', '夜间结算阶段规则\r\n\r\n1.玩家默认所在地点在自己家中，去往别的地点过夜需要告知主持人，不消耗行动点。地点确定需要在决定晚上行动时告知主持人，不会额外提醒玩家是否更改过夜地点。\r\n\r\n2.主持人计算可能的冲突，并确认是否发生阵营行动与暴力冲突。\r\n\r\n3.结算阵营行动与暴力冲突\r\n- 夜间行动时生产建造搬运类优先结算，战斗与冲突最后结算。\r\n- 如果想要指定杀某个人就要在白天行动时使用调查明确对方的去向。如果是为了杀人去的某地点但是对方不在可以选择是否发起攻击，如果不攻击本行动点不会返还。\r\n- 如果发生A想杀→B想杀→C的情况，会判定为先结算B→C，再结算A→B。在此种情况下不会发生混战情况。\r\n- 如果A想杀→C，B想杀→C，会判定为A和B攻击C，AB是否进行战斗是在AB攻击C之后询问两方意见的。此时因为不在对应地点内，防守方战斗应不计地点防御值。\r\n\r\n4.统治者需要商议第二天劳工名单，并在夜晚结算之前给与主持人。\r\n\r\n5.阵营告示主持人可能要公开的信息。\r\n\r\n6.主持人公开可以公开的夜间阶段总结信息。例如死亡人数，但不会告知死亡地点和何人死亡、哪里被袭击等等。\r\n\r\n7.消耗与燃料食物\r\n- 每人每天的基础燃料消耗是15kg木材，如因其他技能或者天灾牌出现极寒情况，基础消耗调整为30kg木材。\r\n- 每人每天的基础食物消耗是2单位。\r\n\r\n8.结算所有资源与设施情况。', null, '11', '夜间结算', '夜间结算阶段规则', null);
INSERT INTO `rule_book` VALUES ('141', '一、天灾倒计时\r\n通过一个0到100的数字，作为\"天灾\"的进度，当任何游戏阶段到达100时，当天夜晚阶段的最后，进入游戏结算。同时这个进度会影响游戏中六面骰的概率。同时，通过一套天灾牌额外增加天灾点数，与各结局最终的存活难度。\r\n- 每天默认推进33点，第三天推进34点。\r\n- 主持人会抽取3张秘密天灾牌，由杀戮者选择1张触发。特色技能可以查看天灾牌。\r\n\r\n二、六面骰\r\n在游戏中有很多行为或者判定需要骰6面骰来决定是否成功或决定判断结果，例如射击、天灾使者特殊规则、特性中的随机奖励。', null, '12', '天灾系统', '天灾系统', null);
INSERT INTO `rule_book` VALUES ('142', '1.低温侵袭\r\n某处墙体结冰，寒气渗入。本天所有燃料消耗增加20%，木材消耗量15kg→18kg。\r\n\r\n2.灾难蔓延\r\n增加5天暴雪持续时间。\r\n\r\n3.粮仓鼠患\r\n仓库中储存的粮食被老鼠啃食，损失10%的食物储备（向下取整）。\r\n\r\n4.燃料泄漏\r\n储油桶老化破裂，损失一处仓库的10%的燃料储备（优先扣除煤油/燃油）。\r\n\r\n5.工具锈蚀\r\n生产工具普遍老化。当天所有生产行动（渔猎、伐木、挖矿等）产量-20%。\r\n\r\n6.海水倒灌\r\n风暴潮淹没码头设施，沿海仓库的部分物资被冲走（损失10%），方舟受损10%。\r\n\r\n7.水源污染\r\n岛上淡水水源被动物尸体污染，所有玩家当天需额外消耗1升煤油（烧开水）或面临患病风险。\r\n\r\n8.信仰崩塌\r\n神父以及占卜师等精神领袖陷入自我怀疑，当天无法使用\"布道\"或\"占星\"技能。若第三天抽中不影响终局结算加成。\r\n\r\n9.燃料受潮\r\n露天堆放的木柴被雨淋湿。随机一个仓库或玩家损失30kg木材。\r\n\r\n10.逃役\r\n一名劳工趁夜色逃走了。统治者当天指定的劳工名单中，随机一人自动失效（不会劳作，也不会计入劳工）。主持人随机选择，不公开是谁。该玩家知道自己被逃役释放，当天正常进行行动。\r\n\r\n11.祭品\r\n有人在教堂门口发现一只被割喉的黑羊。第二天必定触发一张额外天灾牌（命运在积蓄）。', null, '13', '天灾牌', '天灾牌', null);
INSERT INTO `rule_book` VALUES ('143', '一、NPC基础规则\r\n- 会添加生产类NPC，NPC初始拥有不同阵营倾向。\r\n- NPC在不同的地点，玩家使用调查地点行动后知晓其地点存在的NPC列表。统治者开局知道所有NPC列表与其职业。\r\n- 对话行动可以与不同的NPC互动，获得不同的信息、效果，或者请求帮助。由主持人决定。\r\n\r\n二、态度说明\r\n- 喜好：该NPC会加入、帮助此阵营玩家。\r\n- 厌恶：该NPC会忽视、敌对此阵营玩家，不会提供帮助，反对被当做劳工等。\r\n- 忽视：该NPC对此阵营无感，不帮助也不会加入，如果被强迫，可能对寻找喜好阵营帮助。', null, '15', 'NPC规则', 'NPC规则', null);
INSERT INTO `rule_book` VALUES ('144', '你拥有这个岛屿上的巨大话语权与暴力力量，但是你无法肆意妄为，因为在暗地里，反抗者与天灾使者正在积蓄力量，你必须给予足够的空间与利益来收买更多的人来对抗反抗者与天灾使者。天灾使者自翊正义但掩盖不了他们是混沌的人，只想着杀人。也许你也可以称呼他们另一个名字——杀戮者。\r\n\r\n一、阵营行动（统治者行动只要可以执行就不限次数）\r\n1.安排人员——统治者可以安排一位玩家或者喜好统治者的NPC执行自由行动，并强制共享自由行动的结果信息。玩家可以拒绝，这样做，统治者将有合理的理由进行审判。\r\n\r\n2.安排看守——统治者在夜晚阶段之前安排人员选择一个地点，通常是仓库或统治者所在地。玩家可以拒绝，这样做，统治者将有合理的理由进行审判。每位看守为一个地点防御值增加3，以及携带唯一武器威胁值的防御值。\r\n\r\n二、劳工机制\r\n夜间阶段开始之前（每天18:00前）统治者阵营讨论出一份由其他玩家组成的劳工名单，人数为0～10人（24人局0～6人，48人局0～10人）。\r\n\r\n成为劳工的玩家第二天白天行动将在矿场强制劳动，并添加\"过劳\"标记。该玩家的夜间行动可以进行，此时\"过劳\"标记已经生效。\r\n\r\n统治者可以安排劳工进行建设避难所行动。\r\n\r\n劳工类型基础值：\r\n- 普通劳工：基础值4，压榨后7\r\n- 职业劳工：基础值5，压榨后8\r\n\r\n统治者可以自由选择劳工的换班形式。一天一轮或不进行轮换。（但是要记住，食物与资源的生产仍然需要人手，而过度的压制会加强反抗者的势力，或是让所有阵营联合起来）\r\n\r\n三、过劳标记\r\n拥有过劳标记无法执行生产行动。拥有过劳标记在进行劳工的行动，投1d6投，判定为1则死亡。过劳标记在第三天消除。也就是说，必须隔一天进行劳作。\r\n\r\n四、压榨机制（统治者特权）\r\n- 次数限制：无所需特性情况下统治者每天最多可以对3名劳工使用压榨。\r\n- 效果：被压榨劳工的建造值按上表翻倍（4→7或5→8），但立即获得「受伤」标记。\r\n- 受伤后果：无法进行生产行动，格斗技能无效。\r\n- 策略提示：压榨可以快速推进建造值，但会增加医疗负担和激起反抗情绪。\r\n\r\n五、暴力机关\r\n统治者与其下属控制着仓库与几乎所有的火器，在冲突中占据绝对的优势。\r\n- 在游戏开始，每位统治者拥有一把韦伯利.38手枪与7发子弹。\r\n- 在游戏开始，仓库拥有大量的热武器。统治者可以自由分配武器，自由保存武器存放场景。\r\n\r\n六、公开宣传\r\n任何时候，统治者可以在频道公屏发布消息帖子。\r\n\r\n七、夜晚机制\r\n1.公开审判：统治者如果拥有对某个玩家的\"合理\"罪证信息（例如反抗统治者或天灾使者阵营，逃劳役等等）——可以选择在夜间阶段在集市召开公开审判。需要占用你们一人的夜间行动点召开，占用行动点的人为审判发起人。\r\n在审判期间，玩家可以在kook语音频道讨论。统治者可以选择性地收取民众的想法。或者选择公开投票的方式进行审判。\r\n审判结果最终由统治者决定，但如果不顺应民意可能会进一步失去民众的信任。\r\n\r\n审判结果：\r\n1.劳工——此玩家一直成为劳工。\r\n2.监禁——由统治者决定该玩家被囚禁在监狱，监禁时间无法进行任何自由行动。但需要保证他的基本存活。他的生存物资会从统治者仓库每日结算时自动扣除。\r\n3.死刑——该玩家死亡。（不顺应民意使用此种结果请务必三思）\r\n4.剥夺资产——该玩家的所有物品转移到统治者控制的仓库。\r\n5.无罪——也许是真的无辜又或者你们为了其他人而妥协了。\r\n\r\n2.额外行动：作为统治者夜晚出行虽然不完全安全但如果非要这么做的话也不是不行。使用手电筒在夜晚时间你可以执行白天回合的一个任意行动，或者尝试杀掉某个绊脚石。此环节无法寻找NPC进行对话，NPC在没有前置沟通的情况下会默认回家睡觉。\r\n\r\n八、下属\r\n统治者可以收买其他玩家，为自己做事。可以许诺资源、武器、阵营身份，或是权力。\r\n\r\n九、胜利条件\r\n目标1：扑灭反抗者与天灾使者，限制冒险者的发展，尽可能收买平民。\r\n目标2：建设避难所，在暴雪之前储备尽可能多的资源。\r\n目标3：让所有\"自己人\"和自己进入避难所。并且在暴雪将至阶段活下来。\r\n', null, '16', '阵营机制', '阵营机制-统治者', null);
INSERT INTO `rule_book` VALUES ('145', '你不是暴徒，你是被迫举枪的平民。\r\n当统治者的铁腕压得整座岛屿喘不过气——劳工被压榨、资源被垄断、异见者被关进牢房，你选择了另一条路：反抗。\r\n反抗者不是天生的叛逆者，而是那些受够了沉默代价的人。你们在暗处联络同胞，用破坏和密谋削弱统治者的控制，用舆论和施压点燃平民的怒火。你们不追求权力，只追求平等与自由。\r\n你们可以与除了统治者之外的所有阵营交流沟通，收集更多的平民力量。如果有必要潜入统治者进行情报刺探也是不错的选择。\r\n\r\n一、阵营行动（3选1）\r\n1.额外劳动：如果当天白天有行动的执行的生产，可以额外增加一半产出。\r\n\r\n2.暗中联络：选择1-3位玩家，由主持人统一代发一条秘密信息。什么都可以，不超过50字符即可（以WPS字符计算为准）。\r\n\r\n3.额外行动——作为反抗者你已经习惯在黑暗中行动，你不需要手电筒即可进行夜晚行动。在夜晚时间你可以执行白天回合的一个任意行动，或者尝试杀掉某个反抗革命的人。此环节无法寻找NPC进行对话，NPC在没有前置沟通的情况下会默认回家睡觉。\r\n\r\n初始资源：反叛者拥有猎枪×1，猎枪弹×2，猎弓×2，箭矢×4。\r\n\r\n二、向统治者施压\r\n在夜间阶段，任何玩家都可以团结其他玩家发起对统治者的施压，通过在公屏中发声的方式。而如果反抗者拥有合理的理由（通常是统治者的暴政或贪腐），则可以通过宣传来扩大施压的声音，以罢工或其他方式以此威胁。理由通常需要在自由行动阶段进行调查获得。\r\n通常，施压的目标有，\"一个合理的劳工换班机制\"、\"扩大民兵\"、\"让资源由全体镇民管理\"等等。\r\n在夜晚阶段开始前计算统一参加施压的人群，如果同意施压的人群超过玩家半数，统治者就必须妥协。\r\n记住，反抗者不应该直接参与施压，一旦身份暴露，就有被坑杀的可能。应当在自由讨论阶段合理的利用舆论。\r\n\r\n三、夜间回合（可以做也可以空过）\r\n1.进行密谋：袭击地点\r\n需要组织者确定袭击地点。可探索地点和统治者仓库（不显示在地图上）。\r\n- 每一位参与者增加一点成功率，参与者每一个拥有\"潜行\"技能增加1点成功率。每一位参与者佩戴唯一一把武器，增加武器对应\"威慑点\"的成功率。\r\n- 每个地点拥有基础防御值。统治者在目标地点的每一位玩家增加3点防御值，每一位玩家佩戴的唯一一把武器，增加武器对应\"威慑点\"的防御值。\r\n- 在夜间阶段结算密谋，比较成功率与防御值。\r\n  - 成功率大于防御值超过3点：密谋成功。\r\n  - 超过9点：行动成功，但行动暴露，所有参与成员名称公开。\r\n  - 不超过3点：失败。如果有，则需要放弃一把武器。\r\n  - 成功率小于防御值：行动失败。参与行动者可以选择受降或者暴力反抗。\r\n- 如果成功，玩家可以选择破坏该地点，或选择搜刮。破坏会直接烧毁该地点，在之后的游戏中，无法前往，无法使用该地点的设施，导致NPC死亡。搜刮则可以带走地点的所有资源。\r\n- 如果有民兵或治安官或看守里应外合，则减少3点防御值。\r\n\r\n2.暗杀统治者\r\n需要组织者确定统治者所在的地点。判定规则同密谋。\r\n- 如果成功率大于防御值超过3点：密谋成功，目标统治者死亡。\r\n- 如果超过9点：目标统治者死亡，但行动暴露，所有参与成员名称公开。\r\n- 如果统治者死亡，统治者阵营可以选择是否公开死亡消息。\r\n\r\n3.解救人员\r\n需要组织者确定被关押人员所在的地点。判定规则同密谋。\r\n- 潜行技能增加3点成功率（而非1点）。\r\n\r\n四、暴力革命\r\n在下列里程碑事件之中，完成任意其中三个，即可在当天或之后的阵营回合之中选择策划暴力革命。\r\n\r\n五、胜利条件\r\n目标1：推翻统治者，建立新的秩序。\r\n目标2：获得更多的平民。\r\n目标3：尽可能让所有人进入避难所。在暴雪将至阶段活下来。', null, '17', '阵营机制', '阵营机制-反抗者', null);
INSERT INTO `rule_book` VALUES ('146', '在集体大会中，支持建设避难所的平民远高于建设大船，但是你依旧坚持这场灾难不会结束。而随着统治者暴力的加强，更多人会明白，建设避难所是一个糟糕的决定。\r\n建设方舟：一艘20世纪的帆船已经破旧不堪，但是仍然比归属于渔民与船队的渔船大得多，或许可以召集人手修复好帆船，在暴雨来临前让更多人逃离。\r\n\r\n一、阵营行动（4选1）\r\n1.额外调查：如果当天执行的调查地点，调查玩家。调查地点改为两个，调查玩家改为两名。\r\n\r\n2.额外劳动：如果当天有至少任意一个行动点执行的生产，可以额外增加一半产出。\r\n\r\n3.看守方舟——冒险者在白天行动阶段可以使用行动点作为方舟看守，在夜晚阶段为方舟建造地点增加对于武器与技能的防御值。\r\n\r\n4.方舟建设：在阵营回合可以进行方舟建造，在第三天开始时加入冒险者的人员都可以用自己所拥有的任意数量行动点进行方舟建造。\r\n\r\n初始资源：拥有猎弓2，12只箭，1只矛，一把手枪，4发手枪子弹。\r\n\r\n二、收集物资\r\n在游戏中，冒险者需要整合成员已有的资源，与其他阵营与玩家交换资源，生产资源，公开宣传以募集资源，直接冲突争夺资源，来获得建设方舟的材料与出航的必要物资。\r\n\r\n建设方舟的总共资源（50点载重的情况）：\r\n- 木材250吨\r\n- 金属制品100吨\r\n- 密封材料：沥青100kg\r\n- 发动机至少1个，最多3个\r\n- 螺旋桨2个\r\n- 发电机1个\r\n\r\n技能资源（出海需要的技能，为终局结算提供更多的优势）：\r\n航海、海洋导航、天气预报、渔猎\r\n\r\n三、建设与载重方案\r\n船身大小：冒险者可以选择不同的建设方案来匹配人数。\r\n初始已完成10吨木材，20吨金属制品资源的建设。（根据参与人数改变）\r\n\r\n以250吨木材的大小为基础设计，为50点载重。更小的船型会更加劣势。\r\n- 在完成50点基础载重之后，每增加10吨木材，5吨金属制品与5公斤密封材料，可以增加2点载重。\r\n- 每缺少10吨木材或5吨金属制品或5公斤密封材料，减少3点载重，百分之2.5方舟完成度。资源短缺是短板效应，按最低缺少计算。\r\n\r\n建设规则：\r\n加入冒险者任意一人可以在阵营行动时花费一行动点投入不超过单日最高数量的任意数量资源进行建造：\r\n每天投入最高为：木材30吨、金属制品20吨、密封材料20kg\r\n\r\n若材料不足需白天花费一人一行动点工作量推进：5吨木材、5吨铁制品建造进度、5kg密封材料\r\n\r\n四、出航准备\r\n- a.每1点载重一人，可以乘载一人\r\n- b.每1点载重，100单位食物\r\n- c.每1点载重，2吨燃料\r\n- d.每1点载重，500kg密封材料\r\n- e.每1点载重，2吨木材\r\n- f.医疗资源、武器等物品不计算重量。\r\n\r\n五、海上时间\r\n注意，某些危机事件可能增加航行天数。每多一天就需要额外抽取一张危机事件牌。\r\n- 1个发动机：8天航行时间\r\n- 2个发动机：6天航行时间\r\n- 3个发动机：4天航行时间\r\n- 在没有发动机出航或者只有一个发动机的时候，可以制造帆来辅助航行。在具有两个发动机时帆的作用消失。\r\n- 单帆：消耗100m绳索和80米帆布。收集好材料后需要一个人夜晚阵营回合建造帆，之后就可以使用。效果：提供移速加成。\r\n- 在没有发动机的时候，航行时间为10天。\r\n- 在只有一个发动机的时候，航行时间为7天。\r\n\r\n六、夜晚行动\r\n可以做可以不做。\r\n\r\n七、胜利条件\r\n目标1：选择与反抗者或统治者结盟，拉拢更多的平民。\r\n目标2：获得更多的资源建设方舟。\r\n目标3：在暴雪将至前出海，活下去。\r\n', null, '18', '阵营机制', '阵营机制-冒险者', null);
INSERT INTO `rule_book` VALUES ('147', '你们是天灾的使者，是净化这里的存在。这里已经是腐烂得无可救药了。统治者做着梦幻想统治永远存在却又看不起所有的居民；反抗者自以为正义实际上上位之后会不会变成统治者那些人也尤未可知；冒险者空有一腔热血但是方舟会去往哪里谁能知道。而且你们中有人知道的是大家……在这里的所有人——都是罪人。\r\n\r\n罪在哪里？\r\n眼睁睁看着邻居被送去审判，你闭了嘴，你是罪人。\r\n为了多领一份口粮，偷偷举报了别人，你是罪人。\r\n明知这座岛的规则是吃人的，你还是选择顺从，而不是站出来，你是罪人。\r\n统治者犯的罪是傲慢，反抗者犯的罪是自私，冒险者犯的罪是盲目，而普通人犯的罪是——沉默。\r\n所以，我们是执行者。所以是暴雪吗？是天灾吗？不！这是净化。\r\n\r\n一、阵营行动\r\n1.破坏：选择一个地点的一个设施，使其无法使用。如果目标地点被安排监管，无法破坏。\r\n\r\n2.额外调查：如果当天执行的调查地点，调查玩家。调查地点改为两个，调查玩家改为两名。\r\n\r\n3.诅咒：花费一件威胁值4以上的武器，选择2位玩家，知晓该玩家的阵营。该玩家被标记「诅咒」。\r\n\r\n二、阵营机制\r\n1.阻止胜利：天灾使者既可以是统治者的走狗，施加暴行，激化统治者与平民的矛盾，延缓建设的进度，也可以假扮反抗者或冒险者，分化各个阵营的力量或凝聚力。最终目的，都是增加玩家死亡，推进命运，减缓地下避难所与方舟的建设进度。尽可能让灾难杀死所有人。\r\n\r\n2.正义的潜伏：天灾使者可以以天灾使者的身份加入其他阵营，并使用两套阵营规则。仍然使用天灾使者的胜利条件。无法无视契约协议的惩罚。天灾使者知晓当天天灾牌的内容。\r\n\r\n3.进行密谋：袭击地点\r\n判定规则同反抗者密谋。\r\n- 如果成功，玩家可以选择破坏该地点，或选择搜刮。破坏会直接烧毁该地点，在之后的游戏中，无法前往，无法使用该地点的设施，导致地点所有NPC死亡。搜刮则可以带走地点的所有资源。\r\n\r\n4.制造恐怖：在夜晚阶段，需要组织者确定袭击地点或玩家。袭击玩家需要对方拥有诅咒，至少一位参与者参与。袭击地点，则至少需要两位参与者。\r\n- 制造恐怖的基础成功率取决于场上诅咒的数量和参与者的数量。\r\n- 每有一个诅咒（包括普通诅咒和瘟疫诅咒）成功概率+1\r\n- 每额外多一名参与者，成功概率+1\r\n- 使用1d6骰子投出数值+成功概率。结果大等于6既为成功。无视所有的防具，战力差距。\r\n- 在第一天时有平民玩家因为使者制造恐怖而死亡时，对方将受到天灾的感召。阵营身份变更为天灾使者继续进行游戏。（仅限一人）保留对方原有特性和技能。\r\n- 如果失败，参与者将暴露身份。身份被目标地点所属玩家与目标玩家知晓。不会告知你的具体身份是天灾使者。只会告知玩家袭击了对方，没有成功。同时所有被诅咒标记玩家在公屏公开。\r\n- 如果成功，如果目标拥有诅咒，目标玩家死亡。如果是目标地点，由参与者选择破坏1d6数量的资源品名或设施。\r\n- 如果目标死亡，统治者阵营可以选择是否公开死亡消息。\r\n\r\n5.神契：当命运之轮到达100，触发暴雪将至。杀戮者共有三个神启身份对应其他玩家的特性，名为：瘟疫、战争和饥荒。如果剩下的杀戮玩家只剩下一位他变为死亡骑士，特性更改为死亡骑士。\r\n\r\n三、胜利条件\r\n目标1：隐藏在人群中，蛊惑平民，制造信息迷雾，破坏其他阵营的策略。\r\n目标2：阻止方舟与避难所的建设，破坏资源与仓库。\r\n目标3：让暴雪更快降临。', null, '19', '阵营机制', '阵营机制-天灾使者', null);
INSERT INTO `rule_book` VALUES ('148', '一、阵营机制\r\n1.加入阵营：平民玩家可以自由选择加入反抗者或是冒险者的阵营，或是成为统治者的下属。\r\n\r\n2.口头契约：玩家与玩家之间可以口头协议加入阵营，但无法使用阵营行动与机制。但在这种情况下，平民玩家可以通过口头契约加入多个阵营。\r\n\r\n3.自组织：平民玩家可以尝试形成团体，为一个目标行动。\r\n\r\n4.加入阵营与背叛：平民玩家可以通过各种方式，加入某个阵营。加入对应阵营的玩家可以使用阵营机制与阵营行动。可以在行动阶段告知主持人决定背叛，在夜晚阶段由主持人结束背叛阵营事件，并且踢出阵营群聊。无法再使用阵营机制与阵营行动。\r\n\r\n二、胜利条件\r\n目标1：你也要死吗？不，请活下去，直到最后。\r\n', null, '20', '阵营机制', '阵营机制-平民', null);
INSERT INTO `rule_book` VALUES ('149', '一、方舟建设\r\n在阵营回合可以进行方舟建造，在第三天开始时加入冒险者的人员都可以用自己所拥有的任意数量行动点进行方舟建造。\r\n\r\n二、收集物资\r\n在游戏中，冒险者需要整合成员已有的资源，与其他阵营与玩家交换资源，生产资源，公开宣传以募集资源，直接冲突争夺资源，来获得建设方舟的材料与出航的必要物资。\r\n\r\n建设方舟的总共资源（50点载重的情况）：\r\n- 木材250吨\r\n- 金属制品100吨\r\n- 密封材料：沥青100kg\r\n- 发动机至少1个，最多3个\r\n- 螺旋桨2个\r\n- 发电机1个\r\n\r\n技能资源（出海需要的技能，为终局结算提供更多的优势）：\r\n航海、海洋导航、天气预报、渔猎\r\n\r\n三、建设与载重方案\r\n船身大小：冒险者可以选择不同的建设方案来匹配人数。\r\n初始已完成10吨木材，20吨金属制品资源的建设。（根据参与人数改变）\r\n\r\n以250吨木材的大小为基础设计，为50点载重。更小的船型会更加劣势。\r\n- 在完成50点基础载重之后，每增加10吨木材，5吨金属制品与5公斤密封材料，可以增加2点载重。\r\n- 每缺少10吨木材或5吨金属制品或5公斤密封材料，减少3点载重，百分之2.5方舟完成度。资源短缺是短板效应，按最低缺少计算。\r\n\r\n建设规则：\r\n加入冒险者任意一人可以在阵营行动时花费一行动点投入不超过单日最高数量的任意数量资源进行建造：\r\n每天投入最高为：木材30吨、金属制品20吨、密封材料20kg\r\n\r\n若材料不足需白天花费一人一行动点工作量推进：5吨木材、5吨铁制品建造进度、5kg密封材料\r\n\r\n四、出航准备\r\n- a.每1点载重一人，可以乘载一人\r\n- b.每1点载重，100单位食物\r\n- c.每1点载重，2吨燃料\r\n- d.每1点载重，500kg密封材料\r\n- e.每1点载重，2吨木材\r\n- f.医疗资源、武器等物品不计算重量。\r\n\r\n五、海上时间\r\n注意，某些危机事件可能增加航行天数。每多一天就需要额外抽取一张危机事件牌。\r\n- 1个发动机：8天航行时间\r\n- 2个发动机：6天航行时间\r\n- 3个发动机：4天航行时间\r\n- 在没有发动机出航或者只有一个发动机的时候，可以制造帆来辅助航行。在具有两个发动机时帆的作用消失。\r\n- 单帆：消耗100m绳索和80米帆布。收集好材料后需要一个人夜晚阵营回合建造帆，之后就可以使用。效果：提供移速加成。\r\n- 在没有发动机的时候，航行时间为10天。\r\n- 在只有一个发动机的时候，航行时间为7天。', null, '21', '方舟建造', '方舟建造', null);
INSERT INTO `rule_book` VALUES ('150', '一、战斗类\r\n格斗——在密谋、暴力冲突中，如果装备近距离武器增加威胁值。如果调查玩家，可以选择在夜晚阶段骰d6，寻找攻击机会（初始12 30/3, 50/4, 80/5），成功可以发起小规模冲突。多人调查可以袭击。\r\n\r\n射击——在密谋、暴力冲突中，如果装备远距离武器增加威胁值。如果调查玩家，可以选择在夜晚阶段骰d6，寻找攻击机会（初始12 30/3, 50/4, 80/5），成功可以发起小规模冲突。多人调查可以袭击。\r\n\r\n二、生产类（在白天行动阶段使用生产行动，如需设施需要对应设施完好）\r\n- 捕鱼：在码头使用渔船设施，获得食物10单位。\r\n- 食物生产：使用牲畜设施，获得食物15单位。\r\n- 伐木：使用电锯20吨木材，否则5吨。\r\n- 挖掘：使用电钻20吨石料，否则5吨。\r\n- 手工艺：工具制备单制作一件或至多3件材料、物品或武器。\r\n  制作列表：复合盾（3kg金属制品+3kg木材）、副鱼叉/矛（5kg金属制品+5kg木材）、规制箭矢（3kg木材+3kg金属制品3支）\r\n- 木石工艺：使用木板蒸汽箱，将30吨原木转化为20吨木板，消耗10吨燃料/使用切石机，将20吨石料转化为15米石墙。\r\n- 射击狩猎：需要远程武器（无需子弹或弓箭），5kg肉。\r\n\r\n三、功能类（在白天阶段联系主持人使用，或者其他特殊方式使用）\r\n- 潜行（被动）：为谋略增加成功率，无法被调查。\r\n- 启蒙：每天白天行动时一次，消耗一盒粉笔和2支铅笔，选择除自己之外最多2名玩家，使其临时学会一项基础技能（从以下列表中选：急救、潜行、格斗、捕鱼、伐木、挖矿），从第一天夜晚回合生效持续到第二天白天回合结束。若该玩家已经拥有该技能则增产50%。\r\n- 布道：每天白天行动时一次，选择最多为3人，被布道的玩家在下一个行动中生产增加一半（渔猎、伐木、挖矿）/或者最多为3位玩家消除诅咒（被诅咒的玩家没有任何征兆，这是一个纯预判的技能效果）。\r\n- 急救：花费5医疗资源，将\"重伤\"改为\"受伤\"标记。\r\n- 医疗：每天白天行动时一次，选择一位或至多5位\"受伤\"标记的玩家，目标消除\"受伤\"标记。每个花费3医疗资源，选择一位或多位过劳标记的玩家，消除过劳标记。每个花费2医疗资源。（可以混合）\r\n- 通灵：需消耗10根蜡烛和2升酒精举行仪式。每天白天行动时一次，与一位已死亡玩家建立临时私信交流，死亡玩家需要尽可能告知死前所有信息（由主持人保底提供信息）同时你有1/2概率会获得对方的技能。\r\n- 协议契约：为一位或多位玩家建立协议契约。可以指定违反协议的惩罚内容。\r\n- 潜水：每天白天行动时可以进行一次，在码头使用，由主持人投d6决定结果：1-5食物8单位，6沉船遗物（随机一件较高价值物品，由主持人决定，如医疗包、维修工具包、旧手枪+弹药、信号枪等）。\r\n- 维修：每天可使用一次，修复一个被破坏的设施，花费5维修资源。\r\n- 搬运（被动）：搬运量永远是其他职业的两倍。\r\n\r\n四、特殊类（特殊技能需要自由行动中的技能行动执行）\r\n- 海洋导航：为方舟终局结算提供好的结局倾向，可以查看今日所有的天灾牌。\r\n- 偷盗：选择一位玩家，获得对方的秘密资源信息，选择一件物品获得。需要投掷1d6+1检定在5以上即可获得对方一件物品。\r\n- 天气预测：你通过科学的手段发现异常的暴雪天气的来临，可以查看今日所有的天灾牌。为所有终局结算提供好的结局倾向。\r\n- 占星：为避难所终局结算提供好的结局倾向。在全局游戏中你可以将一张天灾牌撕毁（不生效），或让一张危机事件牌撕毁（不生效）。\r\n- 烘焙：需要10单位的食物和15kg木材可以制作一份便当。便当：当天额外获得1白天行动点，每人每天最多使用1次。\r\n- 巡逻：夜晚行动，若你目前是非阵营玩家想使用该技能而不想加入阵营可以用第二天的一个行动补觉（体现为第二天的一个自由行动将变为其他且只能睡觉）使用该技能。选择一个地点，当晚该地点内非统治者阵营玩家的夜晚行动成功率-30%，巡夜人知晓其行动类型。需要巡夜人当天未处于\"劳工\"或\"过劳\"状态。', null, '22', '技能表', '技能表', null);
INSERT INTO `rule_book` VALUES ('151', '一、状态标记\r\n- 过劳：拥有过劳标记无法执行生产行动、调查玩家和隐匿。拥有过劳标记在当天夜晚行动和第二天进行需要行动点的生产行动时，投1d6骰子，判定为1则死亡。过劳标记在第三天消除。也就是说，必须隔一天进行劳作。5瓶朗姆酒可以消除过劳状态。\r\n- 受伤：无法进行生产行动，格斗技能无效。\r\n- 重伤（致命伤害）：在夜晚阶段如果没有被急救，将死亡。\r\n- 束缚：无法执行自由行动和夜间行动，除非束缚被解除。\r\n- 虚弱：无法生产，格斗、射击技能无效，第三天消除，或者喝酒。\r\n- 诅咒标记：只有天灾使者知晓效果。\r\n\r\n二、其他\r\n- 赐福1：每次战斗，免疫第一次被命中的攻击骰。默认为1威胁，可以与近战武器堆叠。', null, '23', '标记系统', '标记系统', null);
INSERT INTO `rule_book` VALUES ('152', '一、进入避难所\r\n在第三天夜晚环节前往避难所。并被避难所的所属玩家或阵营同意进入。\r\n在进入避难所时除统治者之外的玩家需从个人仓库选择5-10种，不超过5000kg重量的物品直接转移到避难所仓库作为进入的投诚。若投诚之后还有剩余物资，选择1-2件可以偷偷带入避难所。\r\n在反抗者夺取避难所控制权时，可以自由设定要不要把玩家所有资产充公。\r\n\r\n二、登上方舟\r\n在任意一天夜晚阶段用行动点前往方舟。并被方舟的所属冒险者阵营同意登上方舟。所有除武器装备之外所有资源将自动转移到冒险者阵营仓库（不能超出方舟载重）。\r\n\r\n三、特别注意\r\n- 避难所不能在天灾值到达100之前启动关门机制。\r\n- 方舟可以在天灾值到达100之前开船离开，如果天灾值到达100强制登船离开。开船行为不可逆，不可以开船之后掉头回到小岛。\r\n- 避难所和方舟的关门与开船机制都在每天的阵营行动和夜晚回合之后。（半夜关门和半夜走）每天最后一个行动结算。', null, '24', '终局结算', '进入避难所与方舟', null);
INSERT INTO `rule_book` VALUES ('153', '避难所结局结算\r\n\r\n第一阶段：暴雪持续时间判定\r\n暴雪不会立刻结束，其持续时间决定了避难所需要承受的总考验时长。\r\n- 基础持续时间：90天。\r\n- 杀戮者干预：每位存活的杀戮者（天灾使者）玩家，将额外触发一张危机事件牌。\r\n- 天灾诅咒：每一个进入避难所玩家所拥有的诅咒标记，会额外抽取一张危机事件牌。\r\n- 暴雪持续时间（D）= 90 +（已触发天灾牌数量）+（天灾使者进入避难所人数×5）。\r\n\r\n第二阶段：避难所基础资源需要\r\n固定每人10日消耗：\r\n- 食物：每人需要25000大卡。\r\n- 燃料：每人需要100kg木材或50公斤煤炭或等价热量。\r\n- 照明与设备：固定消耗5升煤油。\r\n- 人力需求：进入避难所的人数×（暴雪持续天数/10）\r\n\r\n危机处理：\r\n抽取最终天数/10天的危机事件牌。（如是小数按向下取整计算）\r\n例如天灾最终持续天数为95天。95÷10=9.5，向下取整为9。\r\n混入了一个天灾使者额外加1危机事件牌。最终抽取9+1=10张危机事件牌。\r\n牌堆构成：危机事件牌 + 来自技能的希望牌（拥有占星和天气预测的玩家各提供1张正面事件牌加入牌堆）。\r\n\r\n第三阶段：终局资源结算与生存检定\r\n结算完所有危机事件牌后。通过三种资源确定最终存活人数。\r\n最终幸存人数 = 初始进入人数 × 生存系数（S）\r\n\r\n生存系数（S）由以下几个关键资源的充足率决定，每项系数初始为1.0，根据短缺程度扣减：\r\n\r\n1.食物充足率（F）\r\nF = 实际食物储备总量（大卡）/（总人口 × 2单位食物/天 × D）\r\n影响：若F < 1.0，则S = S × F。例如：食物只够70%的需求，则幸存人数直接打7折。\r\n\r\n2.燃料充足率（H）\r\nH = 实际燃料储备总热量/（总人口 × 每日基础燃料热量 × D）\r\n若H < 1.0，则S = S ×（H^0.5）。（平方根意味着燃料短缺的影响稍缓，但会导致冻伤和疾病）。燃料严重短缺时（例如H<0.5），主持人可额外判定直接冻死一定比例玩家（如5%-10%）。\r\n\r\n3.医疗与秩序系数（M）\r\n- 医疗资源储备：每10份医疗资源，使M增加0.05（上限+0.2）。\r\n- \"患病\"标记：结算时，每存在一个此标记，使M减少0.02。\"患病\"标记来源于危机事件牌。\r\n- 特殊职业或特性：拥有布道、医疗、占星的玩家并存活，可以为群体提供0.1的士气加成。\r\n- S = S ×（1.0 + M）。M可以是正数或负数。\r\n\r\n最终结局与阵营胜利关联：\r\n【新纪元的基石】（对应S ≥ 0.8）\r\n反抗者：由其主导，则达成人民之声与地下黎明结局。\r\n统治者：由其主导，则达成地下黎明结局。无阵营：地下黎明。\r\n\r\n【惨白的黎明】（对应0.5 ≤ S < 0.8）\r\n反抗者：由其主导，则达成人民之声结局。\r\n统治者：由其主导，则达成王的废墟结局。无阵营：挽歌结局。\r\n\r\n【地狱归来的幸存者】（对应0.2 ≤ S < 0.5）\r\n统治者：由其主导，则达成王的废墟结局。\r\n杀戮者：达成天灾的馈赠结局。\r\n\r\n【寂静的坟墓】（对应S < 0.2）\r\n杀戮者：达成天灾的馈赠结局。', null, '25', '终局结算', '避难所结局结算', null);
INSERT INTO `rule_book` VALUES ('154', '方舟结局结算\r\n当冒险者阵营成功建造可以出航的方舟，并在暴雪来临前启航，游戏进入此结算流程。这是一个基于资源、技能、事件检定的叙事性终局。\r\n\r\n第一阶段：启航准备\r\n结算基础：\r\n- 最终登船玩家名单、各玩家携带的私人资源。\r\n- 方舟公共储备：食物（大卡）、燃料、医疗资源、工具、备用船材（木材、金属制品）等。\r\n\r\n第二阶段：航行阶段事件检定\r\n- 固定消耗：每人每天消耗2单位食物。\r\n- 燃料：根据发动机数量、航行天数和航速计算。如果公共储备无法满足消耗可以拆除一部分船只（减少船体完整度5%来补充一吨燃料）补足。\r\n- 抽取并结算航行事件：\r\n  牌堆构成：危机事件牌 + 来自技能的希望牌（拥有天气预测、海洋导航技能的玩家各提供1张正面事件牌加入牌堆）。\r\n  抽取数量：杀戮者干预——每位成功登船的杀戮者玩家，额外触发一张危机事件牌。危机事件抽取：航行天数×1+船上每个\"诅咒\"标记一张。\r\n- 阶段结算：如果船体完整度降至0%，或食物完全耗尽，则航行失败，或燃料无法完成动态增加的航行天数，直接进入【出海死亡】结局。\r\n\r\n第三阶段：登陆检定与最终结局\r\n判定完所有事件牌。最终生存系数（S）计算：\r\n- 基础生存率：S = 1.0\r\n- 资源修正：食物F = 实际食物储备总量（大卡）/（总人口 × 2500大卡/天 × D）。若F < 1，则S = S × F。\r\n- 船体完整度修正：H = 船体完整度（%） / 100。若H < 1，则S = S × H。\r\n- 技能与秩序修正（M）：正面——每拥有一项关键技能（渔猎、海洋导航、天气预测）+0.05；负面——每一个\"患病\"标记使M减少0.02。\"患病\"标记会在危机事件牌中产生。\r\n- 最终S = S_initial ×（资源修正）×（1 + M），S值范围通常在0到1.5之间。\r\n\r\n最终结局判定：\r\n\r\n【诺亚方舟】\r\n条件：S ≥ 1.1。船体完整度>70%，资源充足，士气高昂。\r\n\"桅杆指向崭新的海岸线。方舟几乎完好，储备尚丰。人们相互扶持着踏上了坚实的土地。\"\r\n结局：远航者\r\n\r\n【出海逃生——幸存者】\r\n条件：0.5 ≤ S < 1.1。船体有一定损坏，资源紧张，减不减员按各种物资储备结算。\r\n\"船勉强冲上沙滩，龙骨发出最后的呻吟。每个人都精疲力尽。回首望去，故乡已沉入海平线之下。但前方，是陌生的、充满未知的土地。你们活下来了。\"\r\n结局：黎明之前\r\n\r\n【出海死亡——深海长眠】（失败结局）\r\n条件：S < 0.5或船沉、资源耗尽。\r\n\"……指南针失灵，风暴永无止息。最后一片帆被撕碎，船舱开始进水。在绝望的呼喊与冰冷的海水之间，方舟的梦想连同它的乘客，一同沉入永恒的寂静。\"\r\n结局：深海长眠', null, '26', '终局结算', '方舟结局结算', null);
INSERT INTO `rule_book` VALUES ('155', '一、核心原则\n超游行为是指玩家利用游戏角色不可能获得的信息或渠道（即“超出角色认知”），来为自己或所在阵营谋取优势，从而破坏游戏公平性与沉浸感的行为。\n所有行为判定均以 “你的角色在游戏内能否合理知晓或做到” 为标准。\n惩罚的目的并非针对玩家本人，而是为了维护游戏环境的健康，确保所有参与者都能享受公平、沉浸的生存博弈体验。\n玩家死亡后，如无特别情况，将被移除游戏阵营群与kook频道，仅保留v游戏协调群，作为幽灵存在，并且无法发表与游戏内发言。\n二、超游行为列表（严禁事项）\n第一类：信息泄露与私下沟通\n1，跨阵营秘密信息交换：未经主持人建立临时频道或拉群。不同阵营玩家通过kook频道外渠道（如微信、QQ）交换游戏关键信息（如阵营身份、职业特性、持有道具、行动计划、调查结果等）。\n第二类：利用外部信息\n1，共享主持人私信内容：将主持人或者网页反馈的行动结果、资源变更、战斗详情、特殊线索内容等，通过“截图”、“复制文字”这两种方式分享到公告频道或者分享给其他不应知晓的玩家。\n例外：可以通过转述游戏信息，与其他玩家交流自己的行动，资源信息和行动反馈。\n例外：游戏规则明确允许的公开信息（如“公开宣传”内容）或技能效果（如“讲故事的人”告知的内容）除外。如果你不确定，请不要分享。\n根据玩家现实情况推断游戏行为：例如，因为现实中知道某人擅长欺骗，或因其在群聊中的发言风格，就在游戏内断定其为“天灾使者”或“背叛者”，并采取行动，而无任何游戏内通过“调查玩家”或“前往地点”获得的证据。\n例外：基于该玩家在游戏内已公开或在可获知范围内的发言（如公开宣传、审判发言）进行推断。\n利用规则漏洞或未公开设定：通过反复阅读或分析规则文档，发现并利用设计上的非预期优势，且该行为不符合规则叙述的常理或主持人意图。\n例外：利用规则中明确写明但被其他玩家忽略的机制（如“规则没写，就是能做”），不算超游，但建议先向主持人确认。\n第三类：行动与时间线作弊\n1，非规定时间提交或修改行动：在主持人规定的行动提交截止时间后，私自联系主持人要求修改或补交自由行动、技能使用或密谋参与，除非有主持人事先同意的特殊情况（如网络故障已报备）。\n根据已结算结果“事后诸葛亮”：例如，在主持人私信告知你某地点的NPC已被调动后，你才在公共讨论区宣称“我早就计划去那里调查了”。\n第四类：角色扮演与沉浸破坏\n1，公开游戏内私密信息：故意在公开场合（公屏、大型语音频道）大声朗读或截图展示你的角色资源仓库清单、秘密阵营身份、特性技能效果等，除非游戏机制明确要求或允许公开（如“公开宣传”）。\n2，以现实身份代替角色发言：在游戏讨论中使用“我（现实名字）认为”、“我（现实身份）觉得”等方式进行交流，而非以角色身份思考和发言。例如：“我觉得GM这个规则有问题”应私信主持人，而非在公屏讨论。\n3，恶意质疑或纠缠主持人裁决：在主持人已根据规则做出明确裁决后，仍反复在公开频道争辩、试图以现实辩论影响游戏内判定结果。\n正确做法：对裁决有疑问，应私信主持人礼貌询问。\n第五类：恶意破坏游戏进程\n1，冒充主持人或发布虚假官方指令：在任何频道（公屏、阵营群聊）发布看似来自主持人的虚假公告、指令或要求。\n2，行为或言论恶意针对玩家本人：在游戏内或游戏外，因为游戏内冲突（对方阵营行动导致你损失、对方欺骗了你）而对玩家本人进行现实人身攻击、辱骂或恶意诋毁。\n例外：在游戏内以角色身份进行扮演式威胁或谴责（如“我绝不会放过那个背叛者”）不算超游。\n三、给所有玩家的建议\n1沉浸第一：时刻问自己：“我的角色现在知道什么？会怎么做？”\n2沟通透明：如需进行游戏允许外的特殊互动，先私信主持人申请，由主持人裁定是否以及如何实现。\n3尊重规则与主持人：主持人是游戏的仲裁者。对裁决有疑问可私信礼貌询问，但最终应尊重主持人的决定，主持人有对规则最终解释权。\n4共同维护环境：如果你怀疑其他玩家有超游行为，请私信主持人提供具体证据或描述，而非在公开频道指责。', null, '27', '超游细则', '超游细则', null);

-- ----------------------------
-- Table structure for selected_catastrophe
-- ----------------------------
DROP TABLE IF EXISTS `selected_catastrophe`;
CREATE TABLE `selected_catastrophe` (
  `id` int(11) NOT NULL AUTO_INCREMENT,
  `deck_id` int(11) NOT NULL COMMENT '牌组ID',
  `player_id` int(11) DEFAULT NULL COMMENT '选择的玩家ID（天灾使者）',
  `selected_at` datetime DEFAULT NULL COMMENT '选择时间',
  `is_active` tinyint(1) DEFAULT '0' COMMENT '是否正在生效',
  `created_at` datetime DEFAULT CURRENT_TIMESTAMP COMMENT '创建时间',
  `updated_at` datetime DEFAULT CURRENT_TIMESTAMP ON UPDATE CURRENT_TIMESTAMP COMMENT '更新时间',
  PRIMARY KEY (`id`),
  KEY `deck_id` (`deck_id`),
  KEY `player_id` (`player_id`),
  CONSTRAINT `selected_catastrophe_ibfk_1` FOREIGN KEY (`deck_id`) REFERENCES `catastrophe_deck` (`id`) ON DELETE CASCADE,
  CONSTRAINT `selected_catastrophe_ibfk_2` FOREIGN KEY (`player_id`) REFERENCES `player` (`id`) ON DELETE SET NULL
) ENGINE=InnoDB DEFAULT CHARSET=utf8mb4 COMMENT='已选择的天灾牌表';

-- ----------------------------
-- Records of selected_catastrophe
-- ----------------------------

-- ----------------------------
-- Table structure for shelter_daily_labor
-- ----------------------------
DROP TABLE IF EXISTS `shelter_daily_labor`;
CREATE TABLE `shelter_daily_labor` (
  `id` int(11) NOT NULL AUTO_INCREMENT,
  `game_day` int(11) NOT NULL COMMENT '游戏天数',
  `worker_kind` varchar(10) NOT NULL DEFAULT 'player' COMMENT 'player|npc',
  `worker_id` int(11) NOT NULL COMMENT '玩家ID或NPC ID',
  `build_value` int(11) NOT NULL DEFAULT '0' COMMENT '当日贡献建造值',
  `is_exploited` tinyint(1) NOT NULL DEFAULT '0' COMMENT '是否压榨（建造值翻倍等由主持人裁定）',
  `is_escaped` tinyint(1) NOT NULL DEFAULT '0' COMMENT '是否逃役（不计入劳工）',
  `created_at` datetime NOT NULL DEFAULT CURRENT_TIMESTAMP,
  PRIMARY KEY (`id`),
  UNIQUE KEY `uk_shelter_labor_day_worker` (`game_day`,`worker_kind`,`worker_id`),
  KEY `idx_game_day` (`game_day`)
) ENGINE=InnoDB DEFAULT CHARSET=utf8mb4 COMMENT='避难所每日劳工名单（总建造值=SUM(build_value)，含玩家与NPC）';

-- ----------------------------
-- Records of shelter_daily_labor
-- ----------------------------

-- ----------------------------
-- Table structure for shelter_labor_day
-- ----------------------------
DROP TABLE IF EXISTS `shelter_labor_day`;
CREATE TABLE `shelter_labor_day` (
  `game_day` int(11) NOT NULL COMMENT '游戏天数',
  `verified` tinyint(1) NOT NULL DEFAULT '0' COMMENT 'DM是否已结算确认',
  `verified_at` datetime DEFAULT NULL,
  `updated_at` datetime NOT NULL DEFAULT CURRENT_TIMESTAMP ON UPDATE CURRENT_TIMESTAMP,
  PRIMARY KEY (`game_day`)
) ENGINE=InnoDB DEFAULT CHARSET=utf8mb4 COMMENT='避难所每日劳工结算状态';

-- ----------------------------
-- Records of shelter_labor_day
-- ----------------------------

-- ----------------------------
-- Table structure for shelter_progress
-- ----------------------------
DROP TABLE IF EXISTS `shelter_progress`;
CREATE TABLE `shelter_progress` (
  `id` int(11) NOT NULL,
  `created_at` datetime(6) NOT NULL,
  `current_build_value` int(11) NOT NULL,
  `updated_at` datetime(6) NOT NULL,
  PRIMARY KEY (`id`)
) ENGINE=InnoDB DEFAULT CHARSET=utf8;

-- ----------------------------
-- Records of shelter_progress
-- ----------------------------
INSERT INTO `shelter_progress` VALUES ('1', '2026-05-12 09:58:06.701000', '50', '2026-05-12 09:58:06.701000');

-- ----------------------------
-- Table structure for shelter_stock
-- ----------------------------
DROP TABLE IF EXISTS `shelter_stock`;
CREATE TABLE `shelter_stock` (
  `id` int(11) NOT NULL AUTO_INCREMENT COMMENT '主键ID',
  `item_type` enum('item','weapon','ammo','material') COLLATE utf8mb4_unicode_ci NOT NULL COMMENT '物品类型：item道具/weapon武器/ammo弹药/material材料',
  `item_id` int(11) NOT NULL COMMENT '物品ID，关联对应类型表的主键',
  `quantity` int(11) NOT NULL DEFAULT '0' COMMENT '物品数量',
  `created_at` datetime(6) NOT NULL DEFAULT CURRENT_TIMESTAMP(6) COMMENT '创建时间',
  `updated_at` datetime(6) NOT NULL DEFAULT CURRENT_TIMESTAMP(6) ON UPDATE CURRENT_TIMESTAMP(6) COMMENT '更新时间',
  PRIMARY KEY (`id`),
  UNIQUE KEY `UK_shelter_stock_type_item` (`item_type`,`item_id`),
  KEY `idx_item_type` (`item_type`),
  KEY `idx_item_id` (`item_id`)
) ENGINE=InnoDB AUTO_INCREMENT=63 DEFAULT CHARSET=utf8mb4 COLLATE=utf8mb4_unicode_ci COMMENT='统治者避难所物资库存表';

-- ----------------------------
-- Records of shelter_stock
-- ----------------------------
INSERT INTO `shelter_stock` VALUES ('30', 'material', '2', '40', '2026-05-13 18:52:32.224220', '2026-05-13 18:52:40.880277');
INSERT INTO `shelter_stock` VALUES ('31', 'material', '3', '35', '2026-05-13 18:52:32.224220', '2026-05-13 18:52:32.224220');
INSERT INTO `shelter_stock` VALUES ('32', 'material', '4', '24', '2026-05-13 18:52:32.224220', '2026-05-13 18:52:32.224220');
INSERT INTO `shelter_stock` VALUES ('33', 'material', '7', '32', '2026-05-13 18:52:32.224220', '2026-05-13 18:52:32.224220');
INSERT INTO `shelter_stock` VALUES ('34', 'item', '1', '8', '2026-05-13 18:52:32.224220', '2026-05-13 18:52:32.224220');
INSERT INTO `shelter_stock` VALUES ('35', 'item', '2', '4', '2026-05-13 18:52:32.224220', '2026-05-13 18:52:32.224220');
INSERT INTO `shelter_stock` VALUES ('36', 'item', '3', '2', '2026-05-13 18:52:32.224220', '2026-05-13 18:52:32.224220');
INSERT INTO `shelter_stock` VALUES ('37', 'item', '4', '3', '2026-05-13 18:52:32.224220', '2026-05-13 18:52:32.224220');
INSERT INTO `shelter_stock` VALUES ('38', 'item', '5', '1', '2026-05-13 18:52:32.224220', '2026-05-13 18:52:32.224220');
INSERT INTO `shelter_stock` VALUES ('39', 'item', '6', '1', '2026-05-13 18:52:32.224220', '2026-05-13 18:52:32.224220');
INSERT INTO `shelter_stock` VALUES ('40', 'item', '7', '1', '2026-05-13 18:52:32.224220', '2026-05-13 18:52:32.224220');
INSERT INTO `shelter_stock` VALUES ('41', 'item', '8', '5', '2026-05-13 18:52:32.224220', '2026-05-13 18:52:32.224220');
INSERT INTO `shelter_stock` VALUES ('42', 'item', '9', '2', '2026-05-13 18:52:32.224220', '2026-05-13 18:52:32.224220');
INSERT INTO `shelter_stock` VALUES ('43', 'item', '10', '10', '2026-05-13 18:52:32.224220', '2026-05-13 18:52:32.224220');
INSERT INTO `shelter_stock` VALUES ('44', 'item', '11', '12', '2026-05-13 18:52:32.224220', '2026-05-13 18:52:32.224220');
INSERT INTO `shelter_stock` VALUES ('45', 'item', '12', '2', '2026-05-13 18:52:32.224220', '2026-05-13 18:52:32.224220');
INSERT INTO `shelter_stock` VALUES ('46', 'item', '13', '18', '2026-05-13 18:52:32.224220', '2026-05-13 18:52:32.224220');
INSERT INTO `shelter_stock` VALUES ('47', 'item', '14', '3', '2026-05-13 18:52:32.224220', '2026-05-13 18:52:32.224220');
INSERT INTO `shelter_stock` VALUES ('48', 'item', '15', '6', '2026-05-13 18:52:32.224220', '2026-05-13 18:52:32.224220');
INSERT INTO `shelter_stock` VALUES ('49', 'item', '16', '4', '2026-05-13 18:52:32.224220', '2026-05-13 18:52:32.224220');
INSERT INTO `shelter_stock` VALUES ('50', 'item', '17', '1', '2026-05-13 18:52:32.224220', '2026-05-13 18:52:32.224220');
INSERT INTO `shelter_stock` VALUES ('51', 'weapon', '1', '1', '2026-05-13 18:52:32.227988', '2026-05-13 18:52:32.227988');
INSERT INTO `shelter_stock` VALUES ('52', 'weapon', '2', '1', '2026-05-13 18:52:32.227988', '2026-05-13 18:52:32.227988');
INSERT INTO `shelter_stock` VALUES ('53', 'weapon', '3', '2', '2026-05-13 18:52:32.227988', '2026-05-13 18:52:32.227988');
INSERT INTO `shelter_stock` VALUES ('54', 'weapon', '4', '1', '2026-05-13 18:52:32.227988', '2026-05-13 18:52:32.227988');
INSERT INTO `shelter_stock` VALUES ('55', 'weapon', '6', '1', '2026-05-13 18:52:32.227988', '2026-05-13 18:52:32.227988');
INSERT INTO `shelter_stock` VALUES ('56', 'weapon', '7', '1', '2026-05-13 18:52:32.227988', '2026-05-13 18:52:32.227988');
INSERT INTO `shelter_stock` VALUES ('57', 'weapon', '8', '2', '2026-05-13 18:52:32.227988', '2026-05-13 18:52:32.227988');
INSERT INTO `shelter_stock` VALUES ('58', 'weapon', '9', '1', '2026-05-13 18:52:32.227988', '2026-05-13 18:52:32.227988');
INSERT INTO `shelter_stock` VALUES ('59', 'material', '5', '127', '2026-05-16 12:00:00.000000', '2026-05-16 12:00:00.000000');
INSERT INTO `shelter_stock` VALUES ('60', 'material', '8', '40', '2026-05-16 12:00:00.000000', '2026-05-16 12:00:00.000000');
INSERT INTO `shelter_stock` VALUES ('61', 'material', '1', '0', '2026-05-19 16:27:57.000000', '2026-05-19 16:27:57.000000');
INSERT INTO `shelter_stock` VALUES ('62', 'material', '6', '1', '2026-05-19 16:27:57.000000', '2026-05-19 16:27:57.000000');

-- ----------------------------
-- Table structure for skill
-- ----------------------------
DROP TABLE IF EXISTS `skill`;
CREATE TABLE `skill` (
  `id` int(11) NOT NULL AUTO_INCREMENT,
  `name` varchar(50) NOT NULL COMMENT '技能名称',
  `function` text NOT NULL COMMENT '技能效果描述',
  `faction` enum('平民','统治者','冒险者','反叛者','天灾使者') NOT NULL DEFAULT '平民' COMMENT '阵营限制',
  `created_at` datetime NOT NULL DEFAULT CURRENT_TIMESTAMP,
  `updated_at` datetime NOT NULL DEFAULT CURRENT_TIMESTAMP ON UPDATE CURRENT_TIMESTAMP,
  PRIMARY KEY (`id`),
  UNIQUE KEY `name` (`name`),
  KEY `idx_faction` (`faction`)
) ENGINE=InnoDB AUTO_INCREMENT=59 DEFAULT CHARSET=utf8mb4 COMMENT='个人技能表';

-- ----------------------------
-- Records of skill
-- ----------------------------
INSERT INTO `skill` VALUES ('1', '囤积症', '你屋里堆满了舍不得扔的旧报纸、空罐头和麻绳。获得额外的资源【金属制品1000kg，煤油100升，帆布50米，麻绳50米】', '平民', '2026-05-02 23:09:27', '2026-05-02 23:09:27');
INSERT INTO `skill` VALUES ('2', '情报贩子', '你和村里的几个孩子是铁哥们，总能先知道些风声。可以每天指定npc「阿丹」执行调查玩家行动，不占用你的主要行动。', '平民', '2026-05-02 23:09:27', '2026-05-02 23:09:27');
INSERT INTO `skill` VALUES ('3', '扮演：圣徒', '你是小镇最虔诚的人。你相信神会拯救所有人，请聆听神父的声音。你会知道他是否能够信任。这是一个公开的扮演特性，请遵守圣徒的规律，他可能代表着一种话语权。', '平民', '2026-05-02 23:09:27', '2026-05-02 23:09:27');
INSERT INTO `skill` VALUES ('4', '秘密钥匙', '你拥有小镇一个废弃房屋的地下室钥匙。所有人都不知道还有这样一个地方。若你终局来临时没有进入庇护所或者避难所，你可以在这里储存够你存活90天及以上的物资进入个人结算结局。', '平民', '2026-05-02 23:09:27', '2026-05-02 23:09:27');
INSERT INTO `skill` VALUES ('5', '第六感', '你在岛上活了几十年，谁对你有恶意你闻都闻出来。效果：你能够知道对你使用调查的玩家名称', '平民', '2026-05-02 23:09:27', '2026-05-02 23:09:27');
INSERT INTO `skill` VALUES ('6', '偷窃癖', '你喜欢偷东西的感觉，你获得技能偷盗。效果：偷盗：选择一位玩家，获得对方的秘密资源物品信息。需要投掷1d6+1检定在5以上即可获得对方一件物品。', '平民', '2026-05-02 23:09:27', '2026-05-02 23:09:27');
INSERT INTO `skill` VALUES ('7', '潮汐症', '每年冬天，当第一场暴风雪封岛，你就开始犯病。睡不着，吃不下，整夜整夜坐在窗前听风声，总觉得海浪声里有人的喊叫。你知道那是幻觉——那年冬天你爹的船没回来，你站在码头听了三天三夜。镇上人说你是“潮汐症”，不吉利，躲着你走。你不怪他们。有些东西，离近了会传染。效果：任何玩家死亡，你会第一时间得到死亡玩家与死亡地点。', '平民', '2026-05-02 23:09:27', '2026-05-02 23:09:27');
INSERT INTO `skill` VALUES ('8', '曾经是走私者的线人', '你知道岛上谁在夜里往岸上搬东西，知道哪条船不靠码头靠礁石，知道仓库哪面墙的锁是坏的。你替他们望风、递消息、在酒馆里吆喝“有巡警”的时候，他们就往你口袋里塞几个硬币。效果：你知道通往码头仓库与燃料仓库的暗道，可以避开巡逻人员和看守。也许这些东西对杀戮者或者反抗者很有用。', '平民', '2026-05-02 23:09:27', '2026-05-02 23:09:27');
INSERT INTO `skill` VALUES ('9', '银币', '你有一枚银币。不是你赚的，不是你捡的，是——不知道从哪来的。你醒来的时候，它就攥在你手里，攥得掌心发红。你试过花掉，第二天它又回到你口袋；你试过扔掉，第二天它又出现在枕头底下；你试过送人，那人第二天发烧，银币又回来了。你不敢再试了。你怕的不是这枚银币，是它要你做什么。效果：银币不可丢弃、不可交易、不可偷窃。它“选择”留在你身边。全局，你可使用银币进行一次“许愿”。向主持人提出一个要求，如“明天生产+20%”“消除xxx的诅咒”“今日天灾牌无效”，主持人根据需要尽可能地满足要求，越是破坏平衡的愿望越可能带来强大的个人负面因素。', '平民', '2026-05-02 23:09:27', '2026-05-02 23:09:27');
INSERT INTO `skill` VALUES ('10', '回声', '你能听见别人听不见的东西。不是耳朵好，是那种——不该听见的东西。酒馆里有人说悄悄话，你能听见；码头有人夜里密谋，你能听见；教堂地窖里神父自言自语，你也能听见。你不敢说。说了，你就是怪物。你把这些声音存在脑子里，像存钱。有一天，你要用它们换点什么。效果:在游戏开始时选择3名玩家你会得到他们全部的初始阵营信息。但不一一对应。', '平民', '2026-05-02 23:09:27', '2026-05-02 23:09:27');
INSERT INTO `skill` VALUES ('11', '爱狗人', '你妈生你的时候难产死了，你爹喝了二十年酒，去年也死了。你吃百家饭长大。你认为狗比人好——狗不骗你，狗不嫌你，狗给你暖脚。你养了一只狗，它是你的重要伙伴。效果：初始拥有一只狗，可以给它取名字。它计算为2威胁值。狗不会被偷走，会一直跟着你。在有人试图偷盗你时会打断对方行为。', '平民', '2026-05-02 23:09:27', '2026-05-18 23:59:29');
INSERT INTO `skill` VALUES ('12', '海藻医生', '你奶奶教你的：海藻能止血，昆布能退烧，石莼能敷伤口。镇上人笑你是“海带大夫”，但冬天码头有人被缆绳打断腿的时候，第一个喊的是你。你采了一辈子海藻，尝了一辈子海藻，知道哪片礁石上的能治病，哪片的有毒。你不知道自己算不算医生，但你知道，没有你，这个冬天要多死几个人。效果：获得“医疗”技能', '平民', '2026-05-02 23:09:27', '2026-05-02 23:09:27');
INSERT INTO `skill` VALUES ('13', '百宝袋', '你兜里永远揣着各种各样的物品。效果：一次机会，你可以选择5个物品列表中的非武器的非重复物品，获得其标准单位数量的物品。', '平民', '2026-05-02 23:09:27', '2026-05-02 23:09:27');
INSERT INTO `skill` VALUES ('14', '望远镜', '你有个军用望远镜，能看清远处。效果：每天1次，可私聊主持人“行动点x时使用特性望（xz地点）”，获知当时有谁在那里。无法获知矿场，避难所等地下结构。', '平民', '2026-05-02 23:09:27', '2026-05-02 23:09:27');
INSERT INTO `skill` VALUES ('15', '海的呼唤', '你不对劲。不是生病，是那种——不该有的不对劲。上个月码头有条狗对着你狂吠，你瞪了它一眼，它夹着尾巴跑了，跑之前尿了一地。上周酒馆老张摸你肩膀，你碰了他一下，他回家后发烧三天。你自己也怕。你开始半夜往海边跑，对着月亮发呆，觉得海在叫你。你知道这不正常，但不知道这算什么。效果：你获得一个“诅咒标记”可以被布道去除。诅咒无法再影响你，你永远无法成为天灾使者的诅咒目标。', '平民', '2026-05-02 23:09:27', '2026-05-02 23:09:27');
INSERT INTO `skill` VALUES ('16', '鱼骨占卜', '你奶奶传下来的手艺。不是那些神神叨叨的巫术——是把吃剩的鱼骨头洗干净，扔在桌上，看它们落地的样子。你说这能看出鱼汛、天气、谁家要死人。信的人当真，不信的人当笑话。但去年你说老李家的船别出海，他偏去了，没回来。那之后，找你的人多了，怕你的人也多了。效果：初始获得3个特殊鱼骨。可消耗“鱼骨”为他人占卜，需要对方同意。占卜的结果由主持人暗中判定。（为3选一随机不重复触发。对方的全部协议内容，对方的阵营信息，对方的特性信息）', '平民', '2026-05-02 23:09:27', '2026-05-02 23:09:27');
INSERT INTO `skill` VALUES ('17', '幸运贝壳', '你有一串穿孔的贝壳，说是祖上传下来保平安的。效果：拥有两颗幸运贝壳，一颗可以用来躲避一次伤害，一颗可以用来在没有食物时捡到2单位食物。', '平民', '2026-05-02 23:09:27', '2026-05-02 23:09:27');
INSERT INTO `skill` VALUES ('18', '遗书', '你觉得世道不太平，早把后事安排好了。效果：每天可修改一次遗书私聊主持人，死后自动发给你指定的人或者公开。', '平民', '2026-05-02 23:09:27', '2026-05-02 23:09:27');
INSERT INTO `skill` VALUES ('19', '单恋者', '你深爱着另一个人，你可以为他（她）付出一切。在游戏开始前选择一名玩家作为你的暗恋对象。', '平民', '2026-05-02 23:09:27', '2026-05-02 23:09:27');
INSERT INTO `skill` VALUES ('20', '仇人', '你恨着一位统治者，你知晓隐藏统治者的身份。你憎恨着他也同时为自己准备了一条出路，你白天回合可以选择花费一个行动点进行“消失”。夜晚回合无法被调查，无法被攻击。但第二天你仍然会回到游戏之中。', '平民', '2026-05-02 23:09:27', '2026-05-02 23:09:27');
INSERT INTO `skill` VALUES ('21', '扮演·大善', '你坚定地相信神的意志，认为神不会抛弃人们，你不愿意任何人受难和死去，并且诚心地愿望帮助他人。这是一个公开的扮演特性，请遵守善意的规律，它代表着一种话语权。', '平民', '2026-05-02 23:09:27', '2026-05-02 23:09:27');
INSERT INTO `skill` VALUES ('22', '忠诚', '你的理念告诉你，当你选择了哪一条路，将不会存在背叛。一旦你加入了某个阵营就无法退出，同时你会给阵营带来意想不到的一定加成。统治者：你担任劳工或者守卫的时候，目标地点额外+2防御值。反抗者：你参与的“密谋”增加1点成功率。冒险者：你参与“方舟建设”时，当日总工作量提高10%。冒险者阵营“看守方舟”时防御值+1。天灾使者（若允许平民加入）：你的“诅咒”目标在被诅咒期间，无法对你发起任何攻击或密谋。', '平民', '2026-05-02 23:09:27', '2026-05-02 23:09:27');
INSERT INTO `skill` VALUES ('23', '账房先生', '你算账清楚，记忆力好。效果：游戏开始时，你获得一份模糊的物资统计：知晓所有仓库的总资源排名（如“燃料最多的是燃料仓库，食物最多的是码头”），但不知具体数字和所属玩家。', '平民', '2026-05-02 23:09:27', '2026-05-02 23:09:27');
INSERT INTO `skill` VALUES ('24', '老好人', '大家都不太防备你。效果：当你使用“调查玩家”时，如果目标玩家未进行“隐藏”，你不用投1/2概率，直接获知其阵营行动（但不包括具体内容，仅知“进行了生产”“进行了隐藏”等）。', '平民', '2026-05-02 23:09:27', '2026-05-02 23:09:27');
INSERT INTO `skill` VALUES ('25', '酒蒙子', '你离不开酒。效果：游戏开始时额外获得10瓶朗姆酒。每天必须消耗2瓶朗姆酒，否则第二天白天行动点-1。（朗姆酒可交易）', '平民', '2026-05-02 23:09:27', '2026-05-02 23:09:27');
INSERT INTO `skill` VALUES ('26', '即兴演说', '你说话能打动人。效果：在“公开审判”中，如果你的发言被主持人认为有说服力，你可以在投票阶段额外增加/减少1票有效影响力（由主持人裁定）。', '平民', '2026-05-02 23:09:27', '2026-05-02 23:09:27');
INSERT INTO `skill` VALUES ('27', '老水手', '你曾经出过海。效果：你获得“航海”技能。如果你已拥有，则获得“海洋导航”。在“出海”结算时，你为船只提供一次抗风暴加成（减少一次危机事件）。', '平民', '2026-05-02 23:09:27', '2026-05-02 23:09:27');
INSERT INTO `skill` VALUES ('28', '梦魇', '你经常做噩梦，梦见暴雪。效果：每天晚上，你随机获知一张未被触发的天灾牌的名称（不触发效果）。同一天灾牌不会重复获知。', '平民', '2026-05-02 23:09:27', '2026-05-02 23:09:27');
INSERT INTO `skill` VALUES ('29', '穷光蛋', '你什么资产都没有。效果：你初始资源减半（食物、燃料等基础配置减半）。但你不会被任何人调查出有价值的资产信息（调查你只能得到“一无所有”），也不会被“偷窃癖”偷走任何东西（因为你没有）。', '平民', '2026-05-02 23:09:27', '2026-05-02 23:09:27');
INSERT INTO `skill` VALUES ('30', '守财奴', '你舍不得花。效果：你每天可以多保存25%的食物（每日消耗时按1.5食物计算。）代价：你无法主动赠送资源给其他玩家（必须交换）。', '平民', '2026-05-02 23:09:27', '2026-05-02 23:09:27');
INSERT INTO `skill` VALUES ('31', '讲故事的人', '你脑子里有很多故事。效果：每天一次，你可以给去往的某地点某NPC讲一个故事。NPC心情变好后，可能会告诉你一条他“本来不想说”的无关紧要信息（如“昨天码头来了几个人”）。', '平民', '2026-05-02 23:09:27', '2026-05-02 23:09:27');
INSERT INTO `skill` VALUES ('32', '好奇心重', '你什么都想知道。效果：你每天可以多问主持人一个“是/否”问题（关于游戏设定、地点、NPC，不涉及玩家阵营和行动）。主持人必须如实回答。', '平民', '2026-05-02 23:09:27', '2026-05-02 23:09:27');
INSERT INTO `skill` VALUES ('33', '不满已久', '这些年忍够了。矿场、码头、粮仓……凭什么他们说了算？该换个活法了。效果：游戏开始时，你知晓反抗者阵营其中一个成员的名字。如果你成功加入反抗者阵营，你获得一个一次性效果：在反抗者发起的第一次密谋中，你增加2点成功率（而不是常规的1点）。', '平民', '2026-05-02 23:09:27', '2026-05-02 23:09:27');
INSERT INTO `skill` VALUES ('34', '渴望出海', '这岛要完了，但我不想死在这儿。跟着大船走，哪怕当个水手也行。游戏开始时，你知晓冒险者阵营两个成员的名字。如果你成功加入冒险者阵营，你获得一个一次性效果：在“方舟建设”行动中，你可以选择一次贡献量翻倍（一天算两天）。', '平民', '2026-05-02 23:09:27', '2026-05-02 23:09:27');
INSERT INTO `skill` VALUES ('35', '虚伪的仁慈', '如果主持人告知你其他玩家粮食不足，你必须提供维持对方一天的食物需求。如果对方接受了你的救助，你可以控制对方第二天的一个行动点去向。对方只会知道“受特性影响该行动点无效”。', '统治者', '2026-05-02 23:09:27', '2026-05-02 23:09:27');
INSERT INTO `skill` VALUES ('36', '暴君', '你可以每天额外压榨一名劳工。', '统治者', '2026-05-02 23:09:27', '2026-05-02 23:09:27');
INSERT INTO `skill` VALUES ('37', '铁腕', '效果：你主持的“公开审判”中，投票环节你的个人票数算作3票（而不是1票）。', '统治者', '2026-05-02 23:09:27', '2026-05-02 23:09:27');
INSERT INTO `skill` VALUES ('38', '恩主', '效果：每天一次，你可以免除一名劳工的“过劳”状态（他今天劳作后不会积累过劳标记）。', '统治者', '2026-05-02 23:09:27', '2026-05-02 23:09:27');
INSERT INTO `skill` VALUES ('39', '窃听者', '效果：每天夜晚阶段，你可以选择一条非统治者阵营的私人群组（如反抗者群、冒险者群），主持人随机抽取该群当天的一段对话（不超过5条）匿名发给你。你不会知道说话者是谁。', '统治者', '2026-05-02 23:09:27', '2026-05-02 23:09:27');
INSERT INTO `skill` VALUES ('40', '暗桩', '效果：游戏开始时，你秘密选择一名NPC（非玩家）作为你的“暗桩”。你可以每天向主持人询问一次“暗桩报告”。包括有哪些人来过他所在的地方，和什么NPC进行了交互。', '统治者', '2026-05-02 23:09:27', '2026-05-02 23:09:27');
INSERT INTO `skill` VALUES ('41', '镇守', '效果：当你亲自在某地点过夜（夜晚阶段结束时你位于该地点），该地点的防御值+3。', '统治者', '2026-05-02 23:09:27', '2026-05-02 23:09:27');
INSERT INTO `skill` VALUES ('42', '点名', '每天开始前，你可以宣布一个玩家的名字。该玩家当天无法进行“隐藏”行动（如果已经隐藏，则自动暴露）。', '统治者', '2026-05-02 23:09:27', '2026-05-02 23:09:27');
INSERT INTO `skill` VALUES ('43', '藏料', '效果：游戏开始时，你在码头秘密藏了额外资源：木材20吨、金属制品5吨、密封材料10kg。这些资源只有你知道位置，不会被其他阵营搜刮。', '冒险者', '2026-05-02 23:09:27', '2026-05-02 23:09:27');
INSERT INTO `skill` VALUES ('44', '号召', '效果：每天一次，你可以向一名平民玩家发出“上船邀请”。如果对方同意临时加入冒险者阵营，对方获得一次免费“建设方舟”行动。', '冒险者', '2026-05-02 23:09:27', '2026-05-02 23:09:27');
INSERT INTO `skill` VALUES ('45', '探风', '效果：每天一次，你可以询问主持人“今天是否有玩家在码头或海边活动”。主持人回答“有人”或“没人”，不透露具体是谁。', '冒险者', '2026-05-02 23:09:27', '2026-05-02 23:09:27');
INSERT INTO `skill` VALUES ('46', '听潮', '效果：每天夜晚阶段结束时，你可以询问主持人“今晚是否有玩家在码头进行了非公开行动（如密谋、隐藏、偷盗）”。主持人回答“是”或“否”。', '冒险者', '2026-05-02 23:09:27', '2026-05-02 23:09:27');
INSERT INTO `skill` VALUES ('47', '备材', '效果：全局一次，当你的阵营在进行“方舟建设”时缺少某一种资源（如缺木材、缺金属），你可以使用“备材”。主持人会告知你岛上哪个地点（不精确到NPC）可以找到该资源的下落（如“矿场仓库有金属”或“伐木营地有木材”）。', '冒险者', '2026-05-02 23:09:27', '2026-05-02 23:09:27');
INSERT INTO `skill` VALUES ('48', '同路人', '效果：每天一次，你可以询问主持人“今天是否有平民玩家加入了某个阵营（你可以指定一个阵营，如反抗者）”。主持人回答“有”或“没有”。', '冒险者', '2026-05-02 23:09:27', '2026-05-02 23:09:27');
INSERT INTO `skill` VALUES ('49', '摸底', '效果：每天一次，选择一名玩家。主持人私聊告知你：该玩家今天是否进行了“生产”行动，以及产出是否上交给了统治者（“上交了”“没上交”）。', '反叛者', '2026-05-02 23:09:27', '2026-05-02 23:09:27');
INSERT INTO `skill` VALUES ('50', '硬骨头', '效果：全局一次，如果你被统治者选为劳工，你可以选择“反抗”。当天你不会被计入劳工名单，统治者会得知你未能成功被征为劳工。', '反叛者', '2026-05-02 23:09:27', '2026-05-02 23:09:27');
INSERT INTO `skill` VALUES ('51', '正义宣传', '效果：每天一次，当统治者宣布劳工名单后，你可以选择其中一名劳工。该劳工当天建造值-50%（向下取整）。统治者不会自动知道是谁干的，但可以调查或者排除出来。', '反叛者', '2026-05-02 23:09:27', '2026-05-02 23:09:27');
INSERT INTO `skill` VALUES ('52', '老面孔', '效果：游戏开始时，你随机知晓一名监狱/关押地点看守NPC的名字和弱点（如“他晚上会喝酒”“他贪财”）。你可以利用这个信息，在劫狱时让该看守“暂时离开岗位”（需消耗一次行动点），使目标地点的防御值-2。', '反叛者', '2026-05-02 23:09:27', '2026-05-02 23:09:27');
INSERT INTO `skill` VALUES ('53', '舆论', '效果：每天一次，你可以通过主持人在公屏发布一条“民间声音”（如“矿工们今天不想干活”“码头有人在议论镇长”不超过20个字。）。这条信息会被视为“NPC的态度”，统治者如果无视，可能影响部分NPC对他们的态度。', '反叛者', '2026-05-02 23:09:27', '2026-05-02 23:09:27');
INSERT INTO `skill` VALUES ('54', '集结号', '效果：当劫狱和公开审判两个里程碑都完成后，你可以在劳工傍晚回合宣布“起义”。起义当天，所有反抗者阵营成员的“威胁值”+1（不限武器）。', '反叛者', '2026-05-02 23:09:27', '2026-05-02 23:09:27');
INSERT INTO `skill` VALUES ('55', '瘟疫', '效果：你将永远拥有“瘟疫诅咒”。每天一次，你可以对一名玩家施加“瘟疫诅咒”。该玩家不会立即死亡，但会在终局结算时产生以下影响：如果该玩家在避难所中，避难所的食物消耗增加5%（因为他污染了存粮）；如果该玩家在方舟上，方舟的可能的医疗资源需求+50%（因为他传染他人）；如果该玩家死亡，“瘟疫诅咒”会随机传染给另一名存活玩家（终局结算时生效）。多个“瘟疫诅咒”效果叠加。被诅咒的玩家不会知道，但会感到“身体不适”。', '天灾使者', '2026-05-02 23:09:27', '2026-05-02 23:09:27');
INSERT INTO `skill` VALUES ('56', '战争', '效果：全局一次，当你参与一场“冲突，起义，劫狱”非自身阵营引发对抗和暴力的行动时，你可以宣布“战争降临”。该场冲突中，所有参与者的威胁值翻倍（包括敌我），且冲突结束后，无论胜负，所有参与者都会获得一个“受伤”标记。之后战争的阴影也笼罩在人们心上，触发全局效果“战争”。如果你本人在冲突中死亡，“战争”效果依然持续到冲突结束。', '天灾使者', '2026-05-02 23:09:27', '2026-05-02 23:09:27');
INSERT INTO `skill` VALUES ('57', '饥荒', '效果：全局一次，你可以花费一个行动点“饥荒降临”。选择一种资源类型（食物、燃料、木材、金属制品、医疗资源），主持人从所有仓库（4个统治者仓库、反抗者、冒险者）中随机两个仓库销毁该资源的10%（最低保留1单位）。此特性使用后，所有玩家会收到公屏提示：“一场诡异的霉病席卷了粮仓/燃料/仓库……”，但不知道是谁干的。', '天灾使者', '2026-05-02 23:09:27', '2026-05-02 23:09:27');
INSERT INTO `skill` VALUES ('58', '死亡骑士', '触发条件：当天灾使者阵营只剩最后一名存活成员时，若有天灾使者挂机第一天第二天都挂机也认为他满足死亡条件。玩家可以在当天任意阶段（白天/夜晚/结算前）私信主持人，选择是否“成为死亡骑士”。若没有回答默认拒绝。拒绝：无事发生，游戏继续。同意：全屏公告——“天灾的低语响彻岛屿：有人接过了死亡骑士的缰绳。”效果：你可以选择以下两个效果之一：如果游戏进入终局结算（暴雪将至），你可以暗中联系主持人“终焉宣告”。选择以下效果之一：对避难所：避难所的所有防御值和资源储备在结算时视为80%（食物、燃料只计算80%）；对方舟：方舟在出海结算时额外遭遇2次危机事件。此效果在终局结算时自动生效，无需额外行动。如果你在终局前死亡，此效果依然生效（你已成为死亡骑士，诅咒已落下）。', '天灾使者', '2026-05-02 23:09:27', '2026-05-02 23:09:27');

-- ----------------------------
-- Table structure for trade
-- ----------------------------
DROP TABLE IF EXISTS `trade`;
CREATE TABLE `trade` (
  `id` int(11) NOT NULL AUTO_INCREMENT,
  `from_player_id` int(11) NOT NULL COMMENT '发起方玩家ID',
  `to_player_id` int(11) NOT NULL COMMENT '接收方玩家ID',
  `status` enum('pending','accepted','rejected','cancelled','completed') NOT NULL DEFAULT 'pending' COMMENT '交易状态：pending-交易中, accepted-已接受, rejected-已拒绝, cancelled-交易中止, completed-交易成功',
  `remark` text COMMENT '交易备注',
  `created_at` datetime NOT NULL DEFAULT CURRENT_TIMESTAMP COMMENT '创建时间',
  `updated_at` datetime NOT NULL DEFAULT CURRENT_TIMESTAMP ON UPDATE CURRENT_TIMESTAMP COMMENT '更新时间',
  PRIMARY KEY (`id`),
  KEY `idx_from_player` (`from_player_id`),
  KEY `idx_to_player` (`to_player_id`),
  KEY `idx_status` (`status`),
  KEY `idx_from_to_status` (`from_player_id`,`to_player_id`,`status`),
  CONSTRAINT `trade_ibfk_1` FOREIGN KEY (`from_player_id`) REFERENCES `player` (`id`),
  CONSTRAINT `trade_ibfk_2` FOREIGN KEY (`to_player_id`) REFERENCES `player` (`id`)
) ENGINE=InnoDB AUTO_INCREMENT=14 DEFAULT CHARSET=utf8mb4 COMMENT='交易主表';

-- ----------------------------
-- Records of trade
-- ----------------------------
INSERT INTO `trade` VALUES ('1', '1', '2', 'cancelled', '需要一些食物', '2026-04-30 14:06:06', '2026-05-01 09:34:00');
INSERT INTO `trade` VALUES ('2', '3', '1', 'accepted', '换一些工具', '2026-04-30 14:06:06', '2026-04-30 14:06:06');
INSERT INTO `trade` VALUES ('3', '4', '5', 'rejected', '想要发电机', '2026-04-30 14:06:06', '2026-04-30 14:06:06');
INSERT INTO `trade` VALUES ('4', '2', '3', 'cancelled', '物资不匹配', '2026-04-30 14:06:06', '2026-04-30 14:06:06');
INSERT INTO `trade` VALUES ('5', '5', '1', 'completed', '完成了交易', '2026-04-30 14:06:06', '2026-04-30 14:06:06');
INSERT INTO `trade` VALUES ('6', '1', '2', 'cancelled', '测试', '2026-05-01 09:36:56', '2026-05-01 09:37:18');
INSERT INTO `trade` VALUES ('7', '1', '2', 'completed', '1', '2026-05-01 10:29:46', '2026-05-01 10:30:46');
INSERT INTO `trade` VALUES ('8', '1', '2', 'completed', '', '2026-05-01 10:54:31', '2026-05-01 10:54:53');
INSERT INTO `trade` VALUES ('9', '2', '1', 'completed', '??????', '2026-05-02 17:41:28', '2026-05-05 21:17:17');
INSERT INTO `trade` VALUES ('10', '2', '1', 'completed', '??????', '2026-05-02 17:46:24', '2026-05-02 18:31:01');
INSERT INTO `trade` VALUES ('11', '1', '2', 'completed', '测试性质', '2026-05-05 21:16:29', '2026-05-05 21:17:54');
INSERT INTO `trade` VALUES ('12', '1', '2', 'completed', '测试', '2026-05-05 21:17:33', '2026-05-05 21:17:55');
INSERT INTO `trade` VALUES ('13', '5', '1', 'completed', '测试', '2026-05-20 15:18:53', '2026-05-20 15:19:14');

-- ----------------------------
-- Table structure for trade_items
-- ----------------------------
DROP TABLE IF EXISTS `trade_items`;
CREATE TABLE `trade_items` (
  `id` int(11) NOT NULL AUTO_INCREMENT,
  `trade_id` int(11) NOT NULL COMMENT '关联的交易ID',
  `item_type` enum('item','weapon','ammo','material') NOT NULL COMMENT '物品类型',
  `item_id` int(11) NOT NULL COMMENT '物品ID',
  `quantity` int(11) NOT NULL DEFAULT '1' COMMENT '物品数量',
  `direction` enum('give','take') NOT NULL COMMENT '物品方向：give-给予, take-索取',
  `created_at` datetime NOT NULL DEFAULT CURRENT_TIMESTAMP COMMENT '创建时间',
  `name` varchar(255) DEFAULT NULL,
  `unit` varchar(255) DEFAULT NULL,
  `item_key` varchar(255) DEFAULT NULL,
  PRIMARY KEY (`id`),
  KEY `idx_trade_id` (`trade_id`),
  KEY `idx_item` (`item_type`,`item_id`),
  CONSTRAINT `trade_items_ibfk_1` FOREIGN KEY (`trade_id`) REFERENCES `trade` (`id`) ON DELETE CASCADE
) ENGINE=InnoDB AUTO_INCREMENT=21 DEFAULT CHARSET=utf8mb4 COMMENT='交易物品明细表';

-- ----------------------------
-- Records of trade_items
-- ----------------------------
INSERT INTO `trade_items` VALUES ('1', '1', 'item', '1', '1', 'give', '2026-04-30 14:06:06', null, null, null);
INSERT INTO `trade_items` VALUES ('2', '1', 'weapon', '1', '1', 'give', '2026-04-30 14:06:06', null, null, null);
INSERT INTO `trade_items` VALUES ('3', '1', 'material', '5', '5', 'take', '2026-04-30 14:06:06', null, null, null);
INSERT INTO `trade_items` VALUES ('4', '2', 'weapon', '4', '1', 'give', '2026-04-30 14:06:06', null, null, null);
INSERT INTO `trade_items` VALUES ('5', '2', 'item', '8', '1', 'take', '2026-04-30 14:06:06', null, null, null);
INSERT INTO `trade_items` VALUES ('6', '3', 'material', '7', '10', 'give', '2026-04-30 14:06:06', null, null, null);
INSERT INTO `trade_items` VALUES ('7', '3', 'material', '12', '1', 'take', '2026-04-30 14:06:06', null, null, null);
INSERT INTO `trade_items` VALUES ('8', '4', 'item', '4', '2', 'give', '2026-04-30 14:06:06', null, null, null);
INSERT INTO `trade_items` VALUES ('9', '4', 'ammo', '2', '5', 'take', '2026-04-30 14:06:06', null, null, null);
INSERT INTO `trade_items` VALUES ('10', '5', 'weapon', '9', '1', 'give', '2026-04-30 14:06:06', null, null, null);
INSERT INTO `trade_items` VALUES ('11', '5', 'weapon', '3', '1', 'take', '2026-04-30 14:06:06', null, null, null);
INSERT INTO `trade_items` VALUES ('12', '6', 'material', '5', '1', 'take', '2026-05-01 09:36:56', null, null, null);
INSERT INTO `trade_items` VALUES ('13', '7', 'material', '5', '1', 'take', '2026-05-01 10:29:46', null, null, null);
INSERT INTO `trade_items` VALUES ('14', '8', 'material', '5', '1', 'take', '2026-05-01 10:54:31', null, null, null);
INSERT INTO `trade_items` VALUES ('15', '9', 'material', '5', '3', 'give', '2026-05-02 17:41:28', null, null, null);
INSERT INTO `trade_items` VALUES ('16', '10', 'material', '5', '3', 'give', '2026-05-02 17:46:24', null, null, null);
INSERT INTO `trade_items` VALUES ('17', '11', 'material', '5', '1', 'give', '2026-05-05 21:16:29', null, null, null);
INSERT INTO `trade_items` VALUES ('18', '12', 'material', '5', '1', 'give', '2026-05-05 21:17:33', null, null, null);
INSERT INTO `trade_items` VALUES ('19', '13', 'material', '8', '1', 'give', '2026-05-20 15:18:53', '燃料', 'kg', null);
INSERT INTO `trade_items` VALUES ('20', '13', 'material', '5', '1', 'take', '2026-05-20 15:18:53', '食物', 'kg', null);

-- ----------------------------
-- Table structure for user
-- ----------------------------
DROP TABLE IF EXISTS `user`;
CREATE TABLE `user` (
  `id` int(11) NOT NULL AUTO_INCREMENT,
  `username` varchar(50) NOT NULL,
  `password` varchar(100) NOT NULL,
  `role` enum('dm','player') NOT NULL,
  `player_id` int(11) DEFAULT NULL,
  `created_at` datetime NOT NULL DEFAULT CURRENT_TIMESTAMP,
  `updated_at` datetime NOT NULL DEFAULT CURRENT_TIMESTAMP ON UPDATE CURRENT_TIMESTAMP,
  `status` tinyint(1) NOT NULL DEFAULT '1',
  PRIMARY KEY (`id`),
  UNIQUE KEY `username` (`username`),
  KEY `player_id` (`player_id`),
  CONSTRAINT `user_ibfk_1` FOREIGN KEY (`player_id`) REFERENCES `player` (`id`)
) ENGINE=InnoDB AUTO_INCREMENT=10 DEFAULT CHARSET=utf8mb4;

-- ----------------------------
-- Records of user
-- ----------------------------
INSERT INTO `user` VALUES ('1', 'dm1', 'test123', 'dm', null, '2026-04-26 22:13:35', '2026-04-26 22:13:35', '1');
INSERT INTO `user` VALUES ('2', 'dm2', 'test123', 'dm', null, '2026-04-26 22:13:35', '2026-04-26 22:13:35', '1');
INSERT INTO `user` VALUES ('3', 'player1', 'test123', 'player', '1', '2026-04-26 22:13:35', '2026-04-26 22:13:35', '1');
INSERT INTO `user` VALUES ('4', 'player2', 'test123', 'player', '2', '2026-04-26 22:13:35', '2026-04-26 22:13:35', '1');
INSERT INTO `user` VALUES ('5', 'player3', 'test123', 'player', '3', '2026-04-26 22:13:35', '2026-04-26 22:13:35', '1');
INSERT INTO `user` VALUES ('6', 'player4', 'test123', 'player', '4', '2026-04-26 22:13:35', '2026-04-26 22:13:35', '1');
INSERT INTO `user` VALUES ('7', 'player5', 'test123', 'player', '5', '2026-04-26 22:13:35', '2026-04-26 22:13:35', '1');
INSERT INTO `user` VALUES ('8', 'player6', 'test123', 'player', '6', '2026-04-29 10:34:27', '2026-04-29 10:34:27', '1');
INSERT INTO `user` VALUES ('9', 'play', 'test123', 'player', '7', '2026-05-22 04:12:22', '2026-05-22 04:12:22', '1');

-- ----------------------------
-- Table structure for warehouse_ark
-- ----------------------------
DROP TABLE IF EXISTS `warehouse_ark`;
CREATE TABLE `warehouse_ark` (
  `id` int(11) NOT NULL AUTO_INCREMENT,
  `item_type` enum('item','weapon','ammo','material') NOT NULL,
  `item_id` int(11) NOT NULL,
  `quantity` int(11) NOT NULL DEFAULT '0',
  `created_at` datetime DEFAULT CURRENT_TIMESTAMP,
  `updated_at` datetime DEFAULT CURRENT_TIMESTAMP ON UPDATE CURRENT_TIMESTAMP,
  PRIMARY KEY (`id`),
  UNIQUE KEY `uk_warehouse_ark_type_item` (`item_type`,`item_id`),
  KEY `idx_item_type` (`item_type`),
  KEY `idx_item_id` (`item_id`)
) ENGINE=InnoDB AUTO_INCREMENT=6 DEFAULT CHARSET=utf8mb4 COMMENT='仓库-冒险者阵营仓库';

-- ----------------------------
-- Records of warehouse_ark
-- ----------------------------
INSERT INTO `warehouse_ark` VALUES ('1', 'weapon', '7', '2', '2026-05-17 00:00:00', '2026-05-17 00:00:00');
INSERT INTO `warehouse_ark` VALUES ('2', 'ammo', '4', '12', '2026-05-17 00:00:00', '2026-05-17 00:00:00');
INSERT INTO `warehouse_ark` VALUES ('3', 'weapon', '6', '1', '2026-05-17 00:00:00', '2026-05-17 00:00:00');
INSERT INTO `warehouse_ark` VALUES ('4', 'weapon', '1', '1', '2026-05-17 00:00:00', '2026-05-17 00:00:00');
INSERT INTO `warehouse_ark` VALUES ('5', 'ammo', '1', '2', '2026-05-17 00:00:00', '2026-05-17 00:00:00');

-- ----------------------------
-- Table structure for warehouse_armory
-- ----------------------------
DROP TABLE IF EXISTS `warehouse_armory`;
CREATE TABLE `warehouse_armory` (
  `id` int(11) NOT NULL AUTO_INCREMENT,
  `item_type` enum('item','weapon','ammo','material') NOT NULL,
  `item_id` int(11) NOT NULL,
  `quantity` int(11) NOT NULL DEFAULT '0',
  `created_at` datetime DEFAULT CURRENT_TIMESTAMP,
  `updated_at` datetime DEFAULT CURRENT_TIMESTAMP ON UPDATE CURRENT_TIMESTAMP,
  PRIMARY KEY (`id`),
  UNIQUE KEY `uk_warehouse_armory_type_item` (`item_type`,`item_id`),
  KEY `idx_item_type` (`item_type`),
  KEY `idx_item_id` (`item_id`)
) ENGINE=InnoDB AUTO_INCREMENT=13 DEFAULT CHARSET=utf8mb4 COMMENT='仓库-镇武库（镇长厅）';

-- ----------------------------
-- Records of warehouse_armory
-- ----------------------------
INSERT INTO `warehouse_armory` VALUES ('1', 'weapon', '1', '2', '2026-05-17 00:00:00', '2026-05-17 00:00:00');
INSERT INTO `warehouse_armory` VALUES ('2', 'ammo', '1', '4', '2026-05-17 00:00:00', '2026-05-17 00:00:00');
INSERT INTO `warehouse_armory` VALUES ('3', 'weapon', '2', '1', '2026-05-17 00:00:00', '2026-05-17 00:00:00');
INSERT INTO `warehouse_armory` VALUES ('4', 'ammo', '2', '2', '2026-05-17 00:00:00', '2026-05-17 00:00:00');
INSERT INTO `warehouse_armory` VALUES ('5', 'weapon', '7', '1', '2026-05-17 00:00:00', '2026-05-17 00:00:00');
INSERT INTO `warehouse_armory` VALUES ('6', 'ammo', '4', '4', '2026-05-17 00:00:00', '2026-05-17 00:00:00');
INSERT INTO `warehouse_armory` VALUES ('7', 'weapon', '4', '2', '2026-05-17 00:00:00', '2026-05-17 00:00:00');
INSERT INTO `warehouse_armory` VALUES ('8', 'weapon', '3', '3', '2026-05-17 00:00:00', '2026-05-17 00:00:00');
INSERT INTO `warehouse_armory` VALUES ('9', 'item', '6', '4', '2026-05-17 00:00:00', '2026-05-22 05:20:23');
INSERT INTO `warehouse_armory` VALUES ('10', 'item', '5', '1', '2026-05-17 00:00:00', '2026-05-17 00:00:00');
INSERT INTO `warehouse_armory` VALUES ('11', 'item', '3', '2', '2026-05-17 00:00:00', '2026-05-17 00:00:00');
INSERT INTO `warehouse_armory` VALUES ('12', 'material', '12', '1', '2026-05-17 00:00:00', '2026-05-17 00:00:00');

-- ----------------------------
-- Table structure for warehouse_config
-- ----------------------------
DROP TABLE IF EXISTS `warehouse_config`;
CREATE TABLE `warehouse_config` (
  `id` int(11) NOT NULL AUTO_INCREMENT,
  `warehouse_key` varchar(50) NOT NULL COMMENT '仓库标识键',
  `warehouse_name` varchar(50) NOT NULL COMMENT '仓库名称',
  `table_name` varchar(50) NOT NULL COMMENT '对应数据库表名',
  `key_item_id` int(11) NOT NULL COMMENT '对应钥匙的item表ID',
  `icon` varchar(20) DEFAULT '' COMMENT '图标',
  `sort_order` int(11) NOT NULL DEFAULT '0' COMMENT '排序',
  PRIMARY KEY (`id`),
  UNIQUE KEY `warehouse_key` (`warehouse_key`)
) ENGINE=InnoDB AUTO_INCREMENT=7 DEFAULT CHARSET=utf8mb4 COMMENT='仓库配置表';

-- ----------------------------
-- Records of warehouse_config
-- ----------------------------
INSERT INTO `warehouse_config` VALUES ('1', 'general', '矿场仓库', 'warehouse_general', '19', 'box', '1');
INSERT INTO `warehouse_config` VALUES ('2', 'fuel', '燃料仓库', 'warehouse_fuel', '20', 'fuel', '2');
INSERT INTO `warehouse_config` VALUES ('3', 'armory', '镇武库', 'warehouse_armory', '21', 'sword', '3');
INSERT INTO `warehouse_config` VALUES ('4', 'dock', '码头集购仓', 'warehouse_dock', '22', 'anchor', '4');
INSERT INTO `warehouse_config` VALUES ('5', 'rebel', '反抗者阵营仓库', 'warehouse_rebel', '23', 'flag', '5');
INSERT INTO `warehouse_config` VALUES ('6', 'ark', '冒险者阵营仓库', 'warehouse_ark', '24', 'ship', '6');

-- ----------------------------
-- Table structure for warehouse_dock
-- ----------------------------
DROP TABLE IF EXISTS `warehouse_dock`;
CREATE TABLE `warehouse_dock` (
  `id` int(11) NOT NULL AUTO_INCREMENT,
  `item_type` enum('item','weapon','ammo','material') NOT NULL,
  `item_id` int(11) NOT NULL,
  `quantity` int(11) NOT NULL DEFAULT '0',
  `created_at` datetime DEFAULT CURRENT_TIMESTAMP,
  `updated_at` datetime DEFAULT CURRENT_TIMESTAMP ON UPDATE CURRENT_TIMESTAMP,
  PRIMARY KEY (`id`),
  UNIQUE KEY `uk_warehouse_dock_type_item` (`item_type`,`item_id`),
  KEY `idx_item_type` (`item_type`),
  KEY `idx_item_id` (`item_id`)
) ENGINE=InnoDB AUTO_INCREMENT=13 DEFAULT CHARSET=utf8mb4 COMMENT='仓库-码头集购仓';

-- ----------------------------
-- Records of warehouse_dock
-- ----------------------------
INSERT INTO `warehouse_dock` VALUES ('1', 'material', '5', '800', '2026-05-17 00:00:00', '2026-05-22 05:22:17');
INSERT INTO `warehouse_dock` VALUES ('2', 'item', '18', '1', '2026-05-17 00:00:00', '2026-05-17 00:00:00');
INSERT INTO `warehouse_dock` VALUES ('3', 'item', '10', '20', '2026-05-17 00:00:00', '2026-05-17 00:00:00');
INSERT INTO `warehouse_dock` VALUES ('4', 'item', '14', '5', '2026-05-17 00:00:00', '2026-05-17 00:00:00');
INSERT INTO `warehouse_dock` VALUES ('5', 'item', '1', '2', '2026-05-17 00:00:00', '2026-05-22 05:22:35');
INSERT INTO `warehouse_dock` VALUES ('6', 'item', '11', '3', '2026-05-17 00:00:00', '2026-05-17 00:00:00');
INSERT INTO `warehouse_dock` VALUES ('7', 'item', '12', '1', '2026-05-17 00:00:00', '2026-05-17 00:00:00');
INSERT INTO `warehouse_dock` VALUES ('8', 'weapon', '6', '2', '2026-05-17 00:00:00', '2026-05-22 05:22:48');
INSERT INTO `warehouse_dock` VALUES ('9', 'item', '7', '1', '2026-05-17 00:00:00', '2026-05-17 00:00:00');
INSERT INTO `warehouse_dock` VALUES ('10', 'ammo', '3', '2', '2026-05-17 00:00:00', '2026-05-17 00:00:00');
INSERT INTO `warehouse_dock` VALUES ('11', 'item', '17', '1', '2026-05-17 00:00:00', '2026-05-17 00:00:00');
INSERT INTO `warehouse_dock` VALUES ('12', 'material', '11', '3', '2026-05-17 00:00:00', '2026-05-22 05:23:07');

-- ----------------------------
-- Table structure for warehouse_fuel
-- ----------------------------
DROP TABLE IF EXISTS `warehouse_fuel`;
CREATE TABLE `warehouse_fuel` (
  `id` int(11) NOT NULL AUTO_INCREMENT,
  `item_type` enum('item','weapon','ammo','material') NOT NULL,
  `item_id` int(11) NOT NULL,
  `quantity` int(11) NOT NULL DEFAULT '0',
  `created_at` datetime DEFAULT CURRENT_TIMESTAMP,
  `updated_at` datetime DEFAULT CURRENT_TIMESTAMP ON UPDATE CURRENT_TIMESTAMP,
  PRIMARY KEY (`id`),
  UNIQUE KEY `uk_warehouse_fuel_type_item` (`item_type`,`item_id`),
  KEY `idx_item_type` (`item_type`),
  KEY `idx_item_id` (`item_id`)
) ENGINE=InnoDB AUTO_INCREMENT=7 DEFAULT CHARSET=utf8mb4 COMMENT='仓库-燃料仓库（警察局）';

-- ----------------------------
-- Records of warehouse_fuel
-- ----------------------------
INSERT INTO `warehouse_fuel` VALUES ('1', 'material', '8', '500', '2026-05-17 00:00:00', '2026-05-22 05:18:53');
INSERT INTO `warehouse_fuel` VALUES ('2', 'material', '2', '100000', '2026-05-17 00:00:00', '2026-05-22 05:19:14');
INSERT INTO `warehouse_fuel` VALUES ('3', 'item', '15', '2', '2026-05-17 00:00:00', '2026-05-17 00:00:00');
INSERT INTO `warehouse_fuel` VALUES ('4', 'item', '13', '20', '2026-05-17 00:00:00', '2026-05-17 00:00:00');
INSERT INTO `warehouse_fuel` VALUES ('5', 'item', '2', '8', '2026-05-17 00:00:00', '2026-05-22 05:19:26');
INSERT INTO `warehouse_fuel` VALUES ('6', 'material', '6', '50', '2026-05-22 05:19:39', '2026-05-22 05:19:39');

-- ----------------------------
-- Table structure for warehouse_general
-- ----------------------------
DROP TABLE IF EXISTS `warehouse_general`;
CREATE TABLE `warehouse_general` (
  `id` int(11) NOT NULL AUTO_INCREMENT,
  `item_type` enum('item','weapon','ammo','material') NOT NULL,
  `item_id` int(11) NOT NULL,
  `quantity` int(11) NOT NULL DEFAULT '0',
  `created_at` datetime DEFAULT CURRENT_TIMESTAMP,
  `updated_at` datetime DEFAULT CURRENT_TIMESTAMP ON UPDATE CURRENT_TIMESTAMP,
  PRIMARY KEY (`id`),
  UNIQUE KEY `uk_warehouse_general_type_item` (`item_type`,`item_id`),
  KEY `idx_item_type` (`item_type`),
  KEY `idx_item_id` (`item_id`)
) ENGINE=InnoDB AUTO_INCREMENT=12 DEFAULT CHARSET=utf8mb4 COMMENT='仓库-矿场仓库';

-- ----------------------------
-- Records of warehouse_general
-- ----------------------------
INSERT INTO `warehouse_general` VALUES ('1', 'material', '1', '50000', '2026-05-17 00:00:00', '2026-05-17 00:00:00');
INSERT INTO `warehouse_general` VALUES ('2', 'material', '7', '5000', '2026-05-17 00:00:00', '2026-05-17 00:00:00');
INSERT INTO `warehouse_general` VALUES ('4', 'material', '3', '100', '2026-05-17 00:00:00', '2026-05-22 05:21:43');
INSERT INTO `warehouse_general` VALUES ('5', 'material', '9', '100', '2026-05-17 00:00:00', '2026-05-22 05:21:49');
INSERT INTO `warehouse_general` VALUES ('6', 'weapon', '8', '2', '2026-05-17 00:00:00', '2026-05-17 00:00:00');
INSERT INTO `warehouse_general` VALUES ('7', 'weapon', '9', '1', '2026-05-17 00:00:00', '2026-05-17 00:00:00');
INSERT INTO `warehouse_general` VALUES ('8', 'item', '8', '2', '2026-05-17 00:00:00', '2026-05-22 05:21:58');
INSERT INTO `warehouse_general` VALUES ('9', 'material', '12', '1', '2026-05-17 00:00:00', '2026-05-17 00:00:00');
INSERT INTO `warehouse_general` VALUES ('10', 'material', '2', '5000', '2026-05-22 05:21:17', '2026-05-22 05:21:17');
INSERT INTO `warehouse_general` VALUES ('11', 'material', '4', '100', '2026-05-22 05:21:35', '2026-05-22 05:21:35');

-- ----------------------------
-- Table structure for warehouse_rebel
-- ----------------------------
DROP TABLE IF EXISTS `warehouse_rebel`;
CREATE TABLE `warehouse_rebel` (
  `id` int(11) NOT NULL AUTO_INCREMENT,
  `item_type` enum('item','weapon','ammo','material') NOT NULL,
  `item_id` int(11) NOT NULL,
  `quantity` int(11) NOT NULL DEFAULT '0',
  `created_at` datetime DEFAULT CURRENT_TIMESTAMP,
  `updated_at` datetime DEFAULT CURRENT_TIMESTAMP ON UPDATE CURRENT_TIMESTAMP,
  PRIMARY KEY (`id`),
  UNIQUE KEY `uk_warehouse_rebel_type_item` (`item_type`,`item_id`),
  KEY `idx_item_type` (`item_type`),
  KEY `idx_item_id` (`item_id`)
) ENGINE=InnoDB AUTO_INCREMENT=6 DEFAULT CHARSET=utf8mb4 COMMENT='仓库-反抗者阵营仓库';

-- ----------------------------
-- Records of warehouse_rebel
-- ----------------------------
INSERT INTO `warehouse_rebel` VALUES ('1', 'weapon', '2', '1', '2026-05-17 00:00:00', '2026-05-17 00:00:00');
INSERT INTO `warehouse_rebel` VALUES ('2', 'ammo', '2', '2', '2026-05-17 00:00:00', '2026-05-17 00:00:00');
INSERT INTO `warehouse_rebel` VALUES ('3', 'weapon', '7', '2', '2026-05-17 00:00:00', '2026-05-17 00:00:00');
INSERT INTO `warehouse_rebel` VALUES ('4', 'ammo', '4', '4', '2026-05-17 00:00:00', '2026-05-17 00:00:00');
INSERT INTO `warehouse_rebel` VALUES ('5', 'material', '6', '20', '2026-05-22 05:23:38', '2026-05-22 05:23:38');

-- ----------------------------
-- Table structure for weapon
-- ----------------------------
DROP TABLE IF EXISTS `weapon`;
CREATE TABLE `weapon` (
  `id` int(11) NOT NULL AUTO_INCREMENT,
  `name` varchar(50) NOT NULL,
  `unit` varchar(20) NOT NULL,
  `remark` text,
  `threat_level` int(11) NOT NULL DEFAULT '0',
  `created_at` datetime NOT NULL DEFAULT CURRENT_TIMESTAMP,
  `updated_at` datetime NOT NULL DEFAULT CURRENT_TIMESTAMP ON UPDATE CURRENT_TIMESTAMP,
  PRIMARY KEY (`id`),
  UNIQUE KEY `name` (`name`)
) ENGINE=InnoDB AUTO_INCREMENT=13 DEFAULT CHARSET=utf8mb4;

-- ----------------------------
-- Records of weapon
-- ----------------------------
INSERT INTO `weapon` VALUES ('1', '制式手枪', '把', '韦伯利.38口径转轮手枪，英军标准配发。威胁值2，近距离防身武器，装弹6发。', '5', '2026-04-27 11:36:23', '2026-05-19 22:49:10');
INSERT INTO `weapon` VALUES ('2', '猎枪', '把', '12号口径单管或双管猎枪，用于狩猎鸟类和小型动物。威胁值3，中距离武器，装弹2发。', '6', '2026-04-27 11:36:23', '2026-05-02 19:21:45');
INSERT INTO `weapon` VALUES ('3', '警棍', '个', '硬木制成的短棍，长50厘米。威胁值0.5，非致命武器，可用于制服而非杀死目标。', '1', '2026-04-27 11:36:23', '2026-05-02 19:20:27');
INSERT INTO `weapon` VALUES ('4', '刺刀', '把', '军用制式刺刀，长约20厘米。威胁值2。', '2', '2026-04-27 11:36:23', '2026-05-02 19:21:50');
INSERT INTO `weapon` VALUES ('5', '水手刀', '把', '多功能刀具，威胁值2。', '2', '2026-04-27 11:36:23', '2026-05-02 19:21:53');
INSERT INTO `weapon` VALUES ('6', '鱼叉/矛', '个', '铁头木柄的捕鱼工具，长110厘米。威胁值2，既可捕鱼也可作为近战武器，渔民的标配。', '4', '2026-04-27 11:36:23', '2026-05-02 19:21:56');
INSERT INTO `weapon` VALUES ('7', '猎弓', '张', '简单木质主体金属包角的反曲猎弓，威胁值2，无声远程武器。', '4', '2026-04-27 11:36:23', '2026-05-02 19:22:03');
INSERT INTO `weapon` VALUES ('8', '十字镐', '把', '采矿用的双头镐具，长65厘米，重5kg。威胁值0.5，主要用来挖掘石料，紧急时也可作为武器。', '1', '2026-04-27 11:36:23', '2026-05-02 19:21:04');
INSERT INTO `weapon` VALUES ('9', '斧头', '把', '伐木用双面斧，长65厘米。威胁值1，砍树是本职工作，砍人也不是不行。', '2', '2026-04-27 11:36:23', '2026-05-02 19:22:11');
INSERT INTO `weapon` VALUES ('10', '电锯', '把', '二冲程汽油动力链锯，噪音巨大。威胁值2，伐木效率极高（30吨原木/天），但需要燃料且会暴露位置。', '4', '2026-04-27 11:36:23', '2026-05-02 19:22:15');
INSERT INTO `weapon` VALUES ('11', '手术刀', '把', '医用不锈钢手术刀，套装含多型号刀片。威胁值0.5，精准切割工具，在医疗行动中不可或缺。', '1', '2026-04-27 11:36:23', '2026-05-02 19:21:20');
INSERT INTO `weapon` VALUES ('12', '炸药', 'kg', '工业硝铵炸药，每公斤可开凿大量石料。威胁值极高，可用于挖矿加速、拆除建筑或制造大规模破坏', '10', '2026-04-27 11:36:23', '2026-04-27 11:36:23');
